PR_ref,commenter,month
"jenkinsci/ssh-agent-plugin/296","HannesWell","2026-08"
"jenkinsci/ssh-agent-plugin/296","ogulcanaydogan","2026-08"
"jenkinsci/ssh-agent-plugin/296","HannesWell","2026-08"
"jenkinsci/ssh-agent-plugin/296","HannesWell","2026-08"
"jenkinsci/ssh-agent-plugin/296","ogulcanaydogan","2026-08"
"jenkinsci/ssh-agent-plugin/296","ogulcanaydogan","2026-08"
"jenkinsci/ssh-agent-plugin/296","ogulcanaydogan","2026-08"
"jenkinsci/ssh-agent-plugin/296","ogulcanaydogan","2026-08"
"jenkinsci/analysis-model/1556","uhafner","2026-08"
"jenkinsci/analysis-model/1556","akash-manna-sky","2026-08"
"jenkinsci/stapler/787","jglick","2026-07"
"jenkinsci/stapler/787","jglick","2026-07"
"jenkinsci/stapler/787","jglick","2026-07"
"jenkinsci/stapler/787","apuig","2026-07"
"jenkinsci/stapler/786","apuig","2026-07"
"jenkinsci/stapler/786","jglick","2026-07"
"jenkinsci/stapler/786","jglick","2026-07"
"jenkinsci/publish-over-ssh-plugin/425","gmcdonald","2026-07"
"jenkinsci/publish-over-ssh-plugin/425","beslst","2026-08"
"jenkinsci/hpe-application-automation-tools-plugin/1593","AppVeyorBot","2026-07"
"jenkinsci/hpe-application-automation-tools-plugin/1593","AppVeyorBot","2026-08"
"jenkinsci/hpe-application-automation-tools-plugin/1593","AppVeyorBot","2026-08"
"jenkinsci/hpe-application-automation-tools-plugin/1593","AppVeyorBot","2026-08"
"jenkinsci/hpe-application-automation-tools-plugin/1593","AppVeyorBot","2026-08"
"jenkinsci/hpe-application-automation-tools-plugin/1593","AppVeyorBot","2026-08"
"jenkinsci/hpe-application-automation-tools-plugin/1593","AppVeyorBot","2026-08"
"jenkinsci/hpe-application-automation-tools-plugin/1593","AppVeyorBot","2026-08"
"jenkinsci/hpe-application-automation-tools-plugin/1593","AppVeyorBot","2026-08"
"jenkinsci/hpe-application-automation-tools-plugin/1593","AppVeyorBot","2026-08"
"jenkinsci/hpe-application-automation-tools-plugin/1593","AppVeyorBot","2026-08"
"jenkinsci/hpe-application-automation-tools-plugin/1593","AppVeyorBot","2026-08"
"jenkinsci/hpe-application-automation-tools-plugin/1593","AppVeyorBot","2026-08"
"jenkinsci/hpe-application-automation-tools-plugin/1593","AppVeyorBot","2026-08"
"jenkinsci/hpe-application-automation-tools-plugin/1593","AppVeyorBot","2026-08"
"jenkinsci/hpe-application-automation-tools-plugin/1593","AppVeyorBot","2026-08"
"jenkinsci/saml-plugin/781","jglick","2026-08"
"jenkinsci/saml-plugin/781","nevingeorgesunny","2026-08"
"jenkinsci/hpe-application-automation-tools-plugin/1592","AppVeyorBot","2026-07"
"jenkinsci/hpe-application-automation-tools-plugin/1592","dradu-opentext","2026-07"
"jenkinsci/gerrit-trigger-plugin/1026","stephankfolkes","2026-07"
"jenkinsci/cloudbees-folder-plugin/749","timja","2026-07"
"jenkinsci/cloudbees-folder-plugin/749","timja","2026-07"
"jenkinsci/cloudbees-folder-plugin/749","somiljain2006","2026-07"
"jenkinsci/cloudbees-folder-plugin/749","somiljain2006","2026-08"
"jenkinsci/cloudbees-folder-plugin/749","timja","2026-08"
"jenkinsci/ssh-agent-plugin/295","HannesWell","2026-07"
"jenkinsci/ssh-agent-plugin/295","HannesWell","2026-08"
"jenkinsci/ssh-agent-plugin/295","ogulcanaydogan","2026-08"
"jenkinsci/ssh-agent-plugin/295","ogulcanaydogan","2026-08"
"jenkinsci/ssh-agent-plugin/294","HannesWell","2026-07"
"jenkinsci/ssh-agent-plugin/294","HannesWell","2026-08"
"jenkinsci/ssh-agent-plugin/294","HannesWell","2026-08"
"jenkinsci/ssh-agent-plugin/294","ogulcanaydogan","2026-08"
"jenkinsci/ssh-agent-plugin/294","HannesWell","2026-08"
"jenkinsci/ssh-agent-plugin/294","ogulcanaydogan","2026-08"
"jenkinsci/ssh-agent-plugin/294","ogulcanaydogan","2026-08"
"jenkinsci/gerrit-trigger-plugin/1024","sboardwell","2026-07"
"jenkinsci/bitbucket-branch-source-plugin/1239","NickTheDevOpsGuy","2026-07"
"jenkinsci/bitbucket-branch-source-plugin/1239","nfalco79","2026-08"
"jenkinsci/mina-sshd-api-plugin/216","jtnord","2026-07"
"jenkinsci/mina-sshd-api-plugin/216","mikecirioli","2026-07"
"jenkinsci/mina-sshd-api-plugin/216","jglick","2026-07"
"jenkinsci/mina-sshd-api-plugin/216","mikecirioli","2026-07"
"jenkinsci/mina-sshd-api-plugin/216","mikecirioli","2026-07"
"jenkinsci/mina-sshd-api-plugin/216","jglick","2026-08"
"jenkinsci/mina-sshd-api-plugin/216","jtnord","2026-08"
"jenkinsci/mina-sshd-api-plugin/216","jglick","2026-08"
"jenkinsci/mina-sshd-api-plugin/216","jglick","2026-07"
"jenkinsci/coverage-plugin/793","uhafner","2026-08"
"jenkinsci/coverage-plugin/793","uhafner","2026-08"
"jenkinsci/coverage-plugin/793","uhafner","2026-08"
"jenkinsci/coverage-plugin/792","uhafner","2026-07"
"jenkinsci/bitbucket-branch-source-plugin/1238","NickTheDevOpsGuy","2026-07"
"jenkinsci/bitbucket-branch-source-plugin/1238","NickTheDevOpsGuy","2026-07"
"jenkinsci/bitbucket-branch-source-plugin/1238","NickTheDevOpsGuy","2026-07"
"jenkinsci/pipeline-model-definition-plugin/1503","Sevneoy","2026-07"
"jenkinsci/jenkins/27167","timja","2026-07"
"jenkinsci/jenkins/27167","Racknaraock","2026-08"
"jenkinsci/jenkins/27167","Racknaraock","2026-08"
"jenkinsci/jenkins/27167","jtnord","2026-07"
"jenkinsci/jenkins/27167","jtnord","2026-07"
"jenkinsci/jenkins/27167","Racknaraock","2026-08"
"jenkinsci/pipeline-maven-plugin/1492","bguerin","2026-08"
"jenkinsci/credentials-plugin/1071","jimklimov","2026-08"
"jenkinsci/tap-plugin/48","judovana","2026-07"
"jenkinsci/blackduck-detect-plugin/80","dterrybd","2026-07"
"jenkinsci/blackduck-detect-plugin/80","bd-samratmuk","2026-07"
"jenkinsci/warnings-ng-plugin/3400","uhafner","2026-07"
"jenkinsci/warnings-ng-plugin/3400","gbhat618","2026-07"
"jenkinsci/warnings-ng-plugin/3400","jglick","2026-07"
"jenkinsci/warnings-ng-plugin/3400","gbhat618","2026-08"
"jenkinsci/warnings-ng-plugin/3400","uhafner","2026-07"
"jenkinsci/warnings-ng-plugin/3400","jglick","2026-07"
"jenkinsci/azure-ad-plugin/828","timja","2026-07"
"jenkinsci/docker-ssh-agent/676","dduportal","2026-07"
"jenkinsci/declarative-pipeline-migration-assistant-plugin/359","gbhat618","2026-07"
"jenkinsci/declarative-pipeline-migration-assistant-plugin/359","gbhat618","2026-07"
"jenkinsci/docker-ssh-agent/675","dduportal","2026-07"
"jenkinsci/docker-ssh-agent/673","dduportal","2026-07"
"jenkinsci/docker-ssh-agent/673","lemeurherve","2026-08"
"jenkinsci/docker-ssh-agent/673","lemeurherve","2026-08"
"jenkinsci/docker-ssh-agent/673","dduportal","2026-08"
"jenkinsci/docker-ssh-agent/673","lemeurherve","2026-08"
"jenkinsci/docker-ssh-agent/673","dduportal","2026-08"
"jenkinsci/docker-ssh-agent/673","dduportal","2026-08"
"jenkinsci/docker-ssh-agent/673","lemeurherve","2026-08"
"jenkinsci/github-release-plugin/37","panicking","2026-07"
"jenkinsci/remote-file-plugin/195","mawinter69","2026-07"
"jenkinsci/remote-file-plugin/195","mawinter69","2026-07"
"jenkinsci/remote-file-plugin/195","mawinter69","2026-07"
"jenkinsci/remote-file-plugin/195","mawinter69","2026-07"
"jenkinsci/remote-file-plugin/195","mawinter69","2026-07"
"jenkinsci/docker-agents/1272","dduportal","2026-08"
"jenkinsci/docker-agents/1272","lemeurherve","2026-08"
"jenkinsci/docker-agents/1272","lemeurherve","2026-08"
"jenkinsci/docker-agents/1272","lemeurherve","2026-08"
"jenkinsci/docker-agents/1272","lemeurherve","2026-08"
"jenkinsci/docker-agents/1272","lemeurherve","2026-08"
"jenkinsci/docker-agents/1272","lemeurherveCB","2026-08"
"jenkinsci/docker-agents/1272","dduportal","2026-08"
"jenkinsci/docker-agents/1272","dduportal","2026-08"
"jenkinsci/docker-agents/1272","dduportal","2026-08"
"jenkinsci/docker-agents/1272","dduportal","2026-08"
"jenkinsci/docker-agents/1272","dduportal","2026-08"
"jenkinsci/docker-agents/1272","dduportal","2026-08"
"jenkinsci/docker-agents/1272","dduportal","2026-08"
"jenkinsci/docker-agents/1272","lemeurherve","2026-08"
"jenkinsci/docker-agents/1272","dduportal","2026-08"
"jenkinsci/docker-agents/1272","lemeurherve","2026-08"
"jenkinsci/docker-agents/1272","lemeurherve","2026-08"
"jenkinsci/docker-agents/1272","lemeurherve","2026-08"
"jenkinsci/docker-agents/1272","lemeurherve","2026-08"
"jenkinsci/docker-agents/1272","dduportal","2026-08"
"jenkinsci/docker-agents/1272","lemeurherve","2026-08"
"jenkinsci/prism-api-plugin/326","uhafner","2026-08"
"jenkinsci/docker-ssh-agent/672","dduportal","2026-07"
"jenkinsci/jenkins/27166","webdevdot","2026-07"
"jenkinsci/jenkins/27166","MarkEWaite","2026-07"
"jenkinsci/vsphere-cloud-plugin/183","jimklimov","2026-07"
"jenkinsci/vsphere-cloud-plugin/183","jimklimov","2026-07"
"jenkinsci/gerrit-trigger-plugin/1023","rsandell","2026-07"
"jenkinsci/gerrit-trigger-plugin/1023","sboardwell","2026-07"
"jenkinsci/gerrit-trigger-plugin/1023","rsandell","2026-08"
"jenkinsci/gerrit-trigger-plugin/1023","sboardwell","2026-08"
"jenkinsci/gerrit-trigger-plugin/1023","rsandell","2026-07"
"jenkinsci/gerrit-trigger-plugin/1023","rsandell","2026-07"
"jenkinsci/gerrit-trigger-plugin/1023","rsandell","2026-07"
"jenkinsci/gerrit-trigger-plugin/1023","rsandell","2026-07"
"jenkinsci/gerrit-trigger-plugin/1023","rsandell","2026-07"
"jenkinsci/gerrit-trigger-plugin/1023","rsandell","2026-07"
"jenkinsci/gerrit-trigger-plugin/1023","rsandell","2026-07"
"jenkinsci/gerrit-trigger-plugin/1023","rsandell","2026-07"
"jenkinsci/gerrit-trigger-plugin/1023","rsandell","2026-07"
"jenkinsci/gerrit-trigger-plugin/1023","rsandell","2026-07"
"jenkinsci/gerrit-trigger-plugin/1023","rsandell","2026-07"
"jenkinsci/gerrit-trigger-plugin/1023","sboardwell","2026-07"
"jenkinsci/gerrit-trigger-plugin/1023","sboardwell","2026-07"
"jenkinsci/gerrit-trigger-plugin/1023","sboardwell","2026-07"
"jenkinsci/gerrit-trigger-plugin/1023","sboardwell","2026-07"
"jenkinsci/gerrit-trigger-plugin/1023","sboardwell","2026-07"
"jenkinsci/gerrit-trigger-plugin/1023","sboardwell","2026-07"
"jenkinsci/gerrit-trigger-plugin/1023","sboardwell","2026-07"
"jenkinsci/gerrit-trigger-plugin/1023","sboardwell","2026-07"
"jenkinsci/gerrit-trigger-plugin/1023","sboardwell","2026-07"
"jenkinsci/gerrit-trigger-plugin/1023","sboardwell","2026-07"
"jenkinsci/gerrit-trigger-plugin/1023","sboardwell","2026-07"
"jenkinsci/gerrit-trigger-plugin/1023","rsandell","2026-08"
"jenkinsci/gerrit-trigger-plugin/1023","sboardwell","2026-08"
"jenkinsci/gerrit-trigger-plugin/1023","rsandell","2026-08"
"jenkinsci/gerrit-trigger-plugin/1023","rsandell","2026-08"
"jenkinsci/gerrit-trigger-plugin/1023","sboardwell","2026-08"
"jenkinsci/gerrit-trigger-plugin/1023","sboardwell","2026-08"
"jenkinsci/gerrit-trigger-plugin/1023","rsandell","2026-08"
"jenkinsci/gerrit-trigger-plugin/1023","rsandell","2026-08"
"jenkinsci/gerrit-trigger-plugin/1023","sboardwell","2026-08"
"jenkinsci/gerrit-trigger-plugin/1023","rsandell","2026-08"
"jenkinsci/gerrit-trigger-plugin/1023","rsandell","2026-08"
"jenkinsci/gerrit-trigger-plugin/1023","rsandell","2026-08"
"jenkinsci/gerrit-trigger-plugin/1023","sboardwell","2026-08"
"jenkinsci/gerrit-trigger-plugin/1023","rsandell","2026-08"
"jenkinsci/gerrit-trigger-plugin/1023","sboardwell","2026-08"
"jenkinsci/webhook-step-plugin/327","gbhat618","2026-07"
"jenkinsci/jms-messaging-plugin/376","ggallen","2026-08"
"jenkinsci/jms-messaging-plugin/376","ggallen","2026-08"
"jenkinsci/jenkins/27165","MarkEWaite","2026-07"
"jenkinsci/jenkins/27163","olamy","2026-08"
"jenkinsci/jenkins/27163","olamy","2026-08"
"jenkinsci/jenkins/27163","olamy","2026-08"
"jenkinsci/jenkins/27163","MarkEWaite","2026-08"
"jenkinsci/jenkins/27163","timja","2026-08"
"jenkinsci/jenkins/27163","olamy","2026-08"
"jenkinsci/jenkins/27163","olamy","2026-08"
"jenkinsci/jenkins/27163","olamy","2026-08"
"jenkinsci/jenkins/27163","timja","2026-07"
"jenkinsci/jenkins/27163","timja","2026-07"
"jenkinsci/jenkins/27163","timja","2026-07"
"jenkinsci/jenkins/27163","MarkEWaite","2026-07"
"jenkinsci/jenkins/27163","timja","2026-07"
"jenkinsci/jenkins/27163","MarkEWaite","2026-08"
"jenkinsci/jenkins/27163","daniel-beck","2026-08"
"jenkinsci/jenkins/27163","daniel-beck","2026-08"
"jenkinsci/jenkins/27163","daniel-beck","2026-08"
"jenkinsci/user-guide-ai-chatbot-plugin/30","shivaylamba","2026-07"
"jenkinsci/user-guide-ai-chatbot-plugin/30","shivaylamba","2026-07"
"jenkinsci/user-guide-ai-chatbot-plugin/30","shivaylamba","2026-07"
"jenkinsci/user-guide-ai-chatbot-plugin/30","thatsdc","2026-08"
"jenkinsci/user-guide-ai-chatbot-plugin/30","thatsdc","2026-08"
"jenkinsci/user-guide-ai-chatbot-plugin/30","thatsdc","2026-08"
"jenkinsci/user-guide-ai-chatbot-plugin/30","thatsdc","2026-08"
"jenkinsci/jenkins/27162","timja","2026-07"
"jenkinsci/jenkins/27162","MarkEWaite","2026-07"
"jenkinsci/jenkins/27162","timja","2026-07"
"jenkinsci/jenkins/27162","timja","2026-07"
"jenkinsci/jenkins/27162","timja","2026-07"
"jenkinsci/jenkins/27162","timja","2026-07"
"jenkinsci/jenkins/27162","timja","2026-07"
"jenkinsci/jenkins/27162","timja","2026-07"
"jenkinsci/jenkins/27162","timja","2026-07"
"jenkinsci/jenkins/27162","MarkEWaite","2026-07"
"jenkinsci/jenkins/27162","MarkEWaite","2026-08"
"jenkinsci/jenkins/27161","timja","2026-07"
"jenkinsci/jenkins/27161","timja","2026-07"
"jenkinsci/jenkins/27161","timja","2026-07"
"jenkinsci/jenkins/27161","timja","2026-07"
"jenkinsci/jenkins/27161","timja","2026-07"
"jenkinsci/jenkins/27161","timja","2026-07"
"jenkinsci/jenkins/27161","MarkEWaite","2026-07"
"jenkinsci/job-dsl-plugin/2623","Pitxyoki","2026-07"
"jenkinsci/job-dsl-plugin/2623","Pitxyoki","2026-07"
"jenkinsci/job-dsl-plugin/2623","MarkEWaite","2026-07"
"jenkinsci/cloudbees-folder-plugin/748","jglick","2026-07"
"jenkinsci/cloudbees-folder-plugin/748","Pitxyoki","2026-07"
"jenkinsci/cloudbees-folder-plugin/748","jglick","2026-07"
"jenkinsci/cloudbees-folder-plugin/748","jglick","2026-07"
"jenkinsci/jenkins/27160","MarkEWaite","2026-07"
"jenkinsci/jenkins/27159","LHMQ878","2026-08"
"jenkinsci/jenkins/27159","MarkEWaite","2026-08"
"jenkinsci/jenkins/27159","LHMQ878","2026-08"
"jenkinsci/jenkins/27159","LHMQ878","2026-08"
"jenkinsci/jobcacher-plugin/529","repolevedavaj","2026-08"
"jenkinsci/jobcacher-plugin/529","henryborchers","2026-08"
"jenkinsci/pipeline-stage-view-plugin/433","pmarusz","2026-07"
"jenkinsci/external-workspace-manager-plugin/82","alexsomai","2026-07"
"jenkinsci/external-workspace-manager-plugin/82","alexsomai","2026-08"
"jenkinsci/external-workspace-manager-plugin/82","daniel-beck","2026-07"
"jenkinsci/external-workspace-manager-plugin/82","alexsomai","2026-07"
"jenkinsci/external-workspace-manager-plugin/82","Kevin-CB","2026-07"
"jenkinsci/docker/2422","dduportal","2026-07"
"jenkinsci/docker/2422","dduportal","2026-07"
"jenkinsci/ec2-plugin/2027","samrocketman","2026-07"
"jenkinsci/docker-workflow-plugin/750","gbhat618","2026-07"
"jenkinsci/docker-workflow-plugin/750","jglick","2026-07"
"jenkinsci/docker-workflow-plugin/750","jglick","2026-07"
"jenkinsci/docker-workflow-plugin/750","jglick","2026-07"
"jenkinsci/docker-workflow-plugin/750","jglick","2026-07"
"jenkinsci/vsphere-cloud-plugin/181","jimklimov","2026-07"
"jenkinsci/gitlab-branch-source-plugin/768","jglick","2026-07"
"jenkinsci/gitlab-branch-source-plugin/768","Pitxyoki","2026-07"
"jenkinsci/gitlab-branch-source-plugin/768","Pitxyoki","2026-08"
"jenkinsci/gerrit-trigger-plugin/1021","sboardwell","2026-07"
"jenkinsci/jenkins/27156","MarkEWaite","2026-07"
"jenkinsci/jenkins/27155","MarkEWaite","2026-07"
"jenkinsci/jenkins/27155","nitishagar","2026-07"
"jenkinsci/jenkins/27155","MarkEWaite","2026-07"
"jenkinsci/jenkins/27155","nitishagar","2026-07"
"jenkinsci/jenkins/27154","MarkEWaite","2026-07"
"jenkinsci/spotinst-plugin/117","yasharma-spot-flexera","2026-07"
"jenkinsci/docker-ssh-agent/669","dduportal","2026-07"
"jenkinsci/oras-artifact-manager-plugin/3","jonesbusy","2026-08"
"jenkinsci/lockable-resources-plugin/1069","mPokornyETM","2026-08"
"jenkinsci/docker/2420","MarkEWaite","2026-07"
"jenkinsci/docker/2420","MarkEWaite","2026-07"
"jenkinsci/docker/2420","dduportal","2026-07"
"jenkinsci/docker/2420","dduportal","2026-07"
"jenkinsci/resources-ai-chatbot-plugin/427","cnu1812","2026-07"
"jenkinsci/configuration-as-code-plugin/2881","somiljain2006","2026-07"
"jenkinsci/configuration-as-code-plugin/2881","timja","2026-07"
"jenkinsci/configuration-as-code-plugin/2881","adityajalkhare","2026-07"
"jenkinsci/configuration-as-code-plugin/2881","somiljain2006","2026-07"
"jenkinsci/configuration-as-code-plugin/2881","jglick","2026-08"
"jenkinsci/configuration-as-code-plugin/2881","somiljain2006","2026-07"
"jenkinsci/configuration-as-code-plugin/2881","timja","2026-07"
"jenkinsci/configuration-as-code-plugin/2881","somiljain2006","2026-07"
"jenkinsci/configuration-as-code-plugin/2881","timja","2026-07"
"jenkinsci/configuration-as-code-plugin/2881","timja","2026-07"
"jenkinsci/configuration-as-code-plugin/2881","timja","2026-07"
"jenkinsci/configuration-as-code-plugin/2881","somiljain2006","2026-07"
"jenkinsci/configuration-as-code-plugin/2881","timja","2026-08"
"jenkinsci/configuration-as-code-plugin/2881","timja","2026-08"
"jenkinsci/configuration-as-code-plugin/2881","timja","2026-08"
"jenkinsci/configuration-as-code-plugin/2881","timja","2026-08"
"jenkinsci/configuration-as-code-plugin/2881","somiljain2006","2026-08"
"jenkinsci/configuration-as-code-plugin/2881","timja","2026-08"
"jenkinsci/configuration-as-code-plugin/2881","timja","2026-08"
"jenkinsci/docker-agents/1267","dduportal","2026-07"
"jenkinsci/role-strategy-plugin/766","timja","2026-07"
"jenkinsci/kubernetes-operator/1186","brokenpip3","2026-07"
"jenkinsci/kubernetes-operator/1186","brokenpip3","2026-07"
"jenkinsci/kubernetes-operator/1186","brokenpip3","2026-07"
"jenkinsci/kubernetes-operator/1186","PawanTheGod","2026-07"
"jenkinsci/kubernetes-operator/1186","PawanTheGod","2026-08"
"jenkinsci/kubernetes-operator/1186","PawanTheGod","2026-08"
"jenkinsci/bom/7137","lemeurherve","2026-08"
"jenkinsci/bom/7137","krisstern","2026-08"
"jenkinsci/bom/7137","lemeurherve","2026-08"
"jenkinsci/bom/7137","MarkEWaite","2026-08"
"jenkinsci/swarm-agents-cloud-plugin/35","jonesbusy","2026-07"
"jenkinsci/swarm-agents-cloud-plugin/35","AronMav","2026-07"
"jenkinsci/analysis-model/1552","akash-manna-sky","2026-08"
"jenkinsci/analysis-model/1552","uhafner","2026-08"
"jenkinsci/analysis-model/1552","uhafner","2026-08"
"jenkinsci/analysis-model/1552","uhafner","2026-08"
"jenkinsci/analysis-model/1552","uhafner","2026-08"
"jenkinsci/analysis-model/1552","uhafner","2026-08"
"jenkinsci/jenkins/27146","MarkEWaite","2026-07"
"jenkinsci/user-guide-ai-chatbot-plugin/26","shivaylamba","2026-07"
"jenkinsci/user-guide-ai-chatbot-plugin/26","shivaylamba","2026-07"
"jenkinsci/user-guide-ai-chatbot-plugin/26","shivaylamba","2026-07"
"jenkinsci/user-guide-ai-chatbot-plugin/26","thatsdc","2026-08"
"jenkinsci/user-guide-ai-chatbot-plugin/26","chiruu12","2026-08"
"jenkinsci/user-guide-ai-chatbot-plugin/26","chiruu12","2026-08"
"jenkinsci/user-guide-ai-chatbot-plugin/26","chiruu12","2026-08"
"jenkinsci/user-guide-ai-chatbot-plugin/26","chiruu12","2026-08"
"jenkinsci/user-guide-ai-chatbot-plugin/26","krisstern","2026-08"
"jenkinsci/user-guide-ai-chatbot-plugin/26","krisstern","2026-08"
"jenkinsci/user-guide-ai-chatbot-plugin/26","krisstern","2026-08"
"jenkinsci/user-guide-ai-chatbot-plugin/26","krisstern","2026-08"
"jenkinsci/user-guide-ai-chatbot-plugin/26","krisstern","2026-08"
"jenkinsci/user-guide-ai-chatbot-plugin/26","krisstern","2026-08"
"jenkinsci/user-guide-ai-chatbot-plugin/26","krisstern","2026-08"
"jenkinsci/user-guide-ai-chatbot-plugin/26","krisstern","2026-08"
"jenkinsci/configuration-as-code-plugin/2876","somiljain2006","2026-07"
"jenkinsci/configuration-as-code-plugin/2876","timja","2026-07"
"jenkinsci/configuration-as-code-plugin/2876","somiljain2006","2026-07"
"jenkinsci/configuration-as-code-plugin/2876","timja","2026-07"
"jenkinsci/configuration-as-code-plugin/2876","jetersen","2026-07"
"jenkinsci/configuration-as-code-plugin/2876","timja","2026-07"
"jenkinsci/cloudbees-folder-plugin/747","Racknaraock","2026-08"
"jenkinsci/cloudbees-folder-plugin/747","jtnord","2026-07"
"jenkinsci/cloudbees-folder-plugin/747","jtnord","2026-07"
"jenkinsci/cloudbees-folder-plugin/747","jtnord","2026-07"
"jenkinsci/cloudbees-folder-plugin/747","jtnord","2026-07"
"jenkinsci/cloudbees-folder-plugin/747","Racknaraock","2026-07"
"jenkinsci/cloudbees-folder-plugin/747","Racknaraock","2026-07"
"jenkinsci/cloudbees-folder-plugin/747","Racknaraock","2026-07"
"jenkinsci/cloudbees-folder-plugin/747","Racknaraock","2026-07"
"jenkinsci/cloudbees-folder-plugin/747","jtnord","2026-07"
"jenkinsci/cloudbees-folder-plugin/747","Racknaraock","2026-08"
"jenkinsci/cloudbees-folder-plugin/747","jtnord","2026-08"
"jenkinsci/cloudbees-folder-plugin/747","timja","2026-08"
"jenkinsci/cloudbees-folder-plugin/747","Racknaraock","2026-08"
"jenkinsci/cloudbees-folder-plugin/747","jtnord","2026-08"
"jenkinsci/cloudbees-folder-plugin/747","Racknaraock","2026-08"
"jenkinsci/bom/7135","krisstern","2026-07"
"jenkinsci/onepassword-secrets-plugin/27","ymengesha","2026-07"
"jenkinsci/workflow-cps-plugin/1811","timja","2026-07"
"jenkinsci/workflow-cps-plugin/1811","Racknaraock","2026-07"
"jenkinsci/workflow-cps-plugin/1811","timja","2026-07"
"jenkinsci/configuration-as-code-plugin/2875","timja","2026-07"
"jenkinsci/JiraTestResultReporter-plugin/311","somiljain2006","2026-07"
"jenkinsci/JiraTestResultReporter-plugin/311","chcg","2026-07"
"jenkinsci/JiraTestResultReporter-plugin/311","chcg","2026-08"
"jenkinsci/workflow-api-plugin/524","gbhat618","2026-07"
"jenkinsci/bom/7128","krisstern","2026-07"
"jenkinsci/bom/7128","jglick","2026-07"
"jenkinsci/bom/7128","jglick","2026-07"
"jenkinsci/bom/7128","krisstern","2026-07"
"jenkinsci/jenkins/27143","MarkEWaite","2026-07"
"jenkinsci/jenkins/27143","Rauneet-coder","2026-07"
"jenkinsci/jenkins/27143","Rauneet-coder","2026-07"
"jenkinsci/jenkins/27143","daniel-beck","2026-07"
"jenkinsci/jenkins/27143","Rauneet-coder","2026-07"
"jenkinsci/jenkins/27143","das7pad","2026-07"
"jenkinsci/jenkins/27142","MarkEWaite","2026-07"
"jenkinsci/jenkins/27142","MarkEWaite","2026-07"
"jenkinsci/jenkins/27142","Rauneet-coder","2026-07"
"jenkinsci/jenkins/27142","Rauneet-coder","2026-07"
"jenkinsci/jenkins/27142","daniel-beck","2026-07"
"jenkinsci/jenkins/27142","MarkEWaite","2026-07"
"jenkinsci/oic-auth-plugin/782","itsvshreyas","2026-07"
"jenkinsci/oic-auth-plugin/782","itsvshreyas","2026-07"
"jenkinsci/oic-auth-plugin/782","itsvshreyas","2026-08"
"jenkinsci/oic-auth-plugin/782","michael-doubez","2026-08"
"jenkinsci/oic-auth-plugin/782","itsvshreyas","2026-08"
"jenkinsci/docker-agents/1266","dduportal","2026-07"
"jenkinsci/docker-agents/1266","dduportal","2026-07"
"jenkinsci/workflow-multibranch-plugin/577","jglick","2026-07"
"jenkinsci/workflow-multibranch-plugin/577","Chikzz2001","2026-07"
"jenkinsci/sysdig-secure-plugin/165","tembleking","2026-07"
"jenkinsci/sysdig-secure-plugin/165","tembleking","2026-07"
"jenkinsci/sysdig-secure-plugin/165","tembleking","2026-07"
"jenkinsci/kubernetes-plugin/2860","jglick","2026-07"
"jenkinsci/kubernetes-plugin/2860","jglick","2026-07"
"jenkinsci/http-request-plugin/338","Ralnoc","2026-07"
"jenkinsci/http-request-plugin/338","MarkEWaite","2026-07"
"jenkinsci/http-request-plugin/338","Ralnoc","2026-07"
"jenkinsci/http-request-plugin/338","MarkEWaite","2026-07"
"jenkinsci/checkmarx-ast-scanner-plugin/433","cx-anurag-dalke","2026-07"
"jenkinsci/jenkinsfilelint/52","shenxianpeng","2026-07"
"jenkinsci/jenkinsfilelint/52","shenxianpeng","2026-07"
"jenkinsci/pipeline-graph-view-plugin/1396","timja","2026-07"
"jenkinsci/artifact-manager-s3-plugin/798","gbhat618","2026-07"
"jenkinsci/artifact-manager-s3-plugin/798","gbhat618","2026-07"
"jenkinsci/artifact-manager-s3-plugin/798","gbhat618","2026-07"
"jenkinsci/artifact-manager-s3-plugin/798","jtnord","2026-07"
"jenkinsci/artifact-manager-s3-plugin/798","jglick","2026-07"
"jenkinsci/artifact-manager-s3-plugin/798","jglick","2026-07"
"jenkinsci/jenkins/27141","thswlsqls","2026-08"
"jenkinsci/jenkins/27141","thswlsqls","2026-08"
"jenkinsci/jenkins/27141","MarkEWaite","2026-07"
"jenkinsci/ansible-tower-plugin/48","longhn0710","2026-07"
"jenkinsci/yaml-axis-plugin/186","sue445","2026-07"
"jenkinsci/yaml-axis-plugin/186","sue445","2026-07"
"jenkinsci/allure-plugin/468","svasenkov","2026-07"
"jenkinsci/allure-plugin/468","svasenkov","2026-08"
"jenkinsci/kubernetes-plugin/2859","jglick","2026-07"
"jenkinsci/kubernetes-plugin/2859","strangelookingnerd","2026-07"
"jenkinsci/kubernetes-plugin/2859","jglick","2026-07"
"jenkinsci/kubernetes-plugin/2859","jglick","2026-07"
"jenkinsci/kubernetes-plugin/2859","jglick","2026-07"
"jenkinsci/kubernetes-plugin/2859","jglick","2026-07"
"jenkinsci/kubernetes-plugin/2859","strangelookingnerd","2026-07"
"jenkinsci/kubernetes-plugin/2859","jglick","2026-07"
"jenkinsci/kubernetes-plugin/2858","jglick","2026-07"
"jenkinsci/coverage-plugin/791","uhafner","2026-07"
"jenkinsci/ssh-agent-plugin/287","jglick","2026-07"
"jenkinsci/docker-slaves-plugin/37","igorsobot","2026-07"
"jenkinsci/docker-slaves-plugin/37","timja","2026-07"
"jenkinsci/docker-slaves-plugin/37","igorsobot","2026-07"
"jenkinsci/translation-plugin/27","timja","2026-07"
"jenkinsci/translation-plugin/27","jglick","2026-07"
"jenkinsci/translation-plugin/27","mawinter69","2026-07"
"jenkinsci/translation-plugin/27","timja","2026-07"
"jenkinsci/translation-plugin/27","jglick","2026-07"
"jenkinsci/translation-plugin/27","jglick","2026-07"
"jenkinsci/translation-plugin/27","jglick","2026-07"
"jenkinsci/translation-plugin/27","timja","2026-07"
"jenkinsci/translation-plugin/27","jglick","2026-07"
"jenkinsci/translation-plugin/27","mawinter69","2026-07"
"jenkinsci/pipeline-aws-plugin/348","gbhat618","2026-07"
"jenkinsci/pipeline-aws-plugin/348","gbhat618","2026-07"
"jenkinsci/pipeline-aws-plugin/348","gbhat618","2026-07"
"jenkinsci/pipeline-aws-plugin/348","jtnord","2026-07"
"jenkinsci/pipeline-aws-plugin/348","gbhat618","2026-07"
"jenkinsci/pipeline-aws-plugin/348","gbhat618","2026-07"
"jenkinsci/xldeploy-plugin/108","nitheshrayuduv","2026-08"
"jenkinsci/docker-workflow-plugin/749","gbhat618","2026-07"
"jenkinsci/aws-global-configuration-plugin/138","gbhat618","2026-07"
"jenkinsci/bitbucket-branch-source-plugin/1237","gbhat618","2026-07"
"jenkinsci/bitbucket-branch-source-plugin/1237","gbhat618","2026-07"
"jenkinsci/bitbucket-branch-source-plugin/1237","timja","2026-08"
"jenkinsci/jenkins/27136","MarkEWaite","2026-07"
"jenkinsci/jenkins/27135","MarkEWaite","2026-07"
"jenkinsci/jenkins/27134","MakamSriyasaswini","2026-07"
"jenkinsci/jenkins/27134","MarkEWaite","2026-07"
"jenkinsci/jenkins/27129","daniel-beck","2026-07"
"jenkinsci/jenkins/27129","timja","2026-07"
"jenkinsci/jenkins/27129","timja","2026-07"
"jenkinsci/jenkins/27129","jglick","2026-07"
"jenkinsci/jenkins/27129","jglick","2026-07"
"jenkinsci/jenkins/27129","jglick","2026-07"
"jenkinsci/jenkins/27129","jglick","2026-07"
"jenkinsci/jenkins/27129","jglick","2026-07"
"jenkinsci/jenkins/27129","timja","2026-07"
"jenkinsci/jenkins/27129","jglick","2026-07"
"jenkinsci/jenkins/27129","jglick","2026-07"
"jenkinsci/jenkins/27129","timja","2026-07"
"jenkinsci/jenkins/27129","slide","2026-07"
"jenkinsci/jenkins/27129","jglick","2026-07"
"jenkinsci/jenkins/27129","jglick","2026-07"
"jenkinsci/jenkins/27129","jglick","2026-07"
"jenkinsci/jenkins/27129","jglick","2026-07"
"jenkinsci/jenkins/27129","timja","2026-07"
"jenkinsci/jenkins/27129","timja","2026-07"
"jenkinsci/jenkins/27129","MarkEWaite","2026-08"
"jenkinsci/role-strategy-plugin/765","timja","2026-07"
"jenkinsci/role-strategy-plugin/765","janfaracik","2026-07"
"jenkinsci/role-strategy-plugin/765","timja","2026-07"
"jenkinsci/role-strategy-plugin/765","timja","2026-07"
"jenkinsci/role-strategy-plugin/765","timja","2026-07"
"jenkinsci/gradle-jpi-plugin/414","sghill","2026-07"
"jenkinsci/s3-plugin/368","gbhat618","2026-07"
"jenkinsci/s3-plugin/368","gbhat618","2026-07"
"jenkinsci/s3-plugin/368","timja","2026-08"
"jenkinsci/s3-plugin/368","gbhat618","2026-08"
"jenkinsci/s3-plugin/368","timja","2026-08"
"jenkinsci/s3-plugin/368","gbhat618","2026-07"
"jenkinsci/docker-agents/1263","dduportal","2026-07"
"jenkinsci/gradle-jpi-plugin/413","sghill","2026-07"
"jenkinsci/kubernetes-plugin/2856","jglick","2026-07"
"jenkinsci/kubernetes-plugin/2856","jglick","2026-07"
"jenkinsci/kubernetes-plugin/2856","jglick","2026-07"
"jenkinsci/kubernetes-plugin/2856","jglick","2026-07"
"jenkinsci/kubernetes-plugin/2856","jglick","2026-07"
"jenkinsci/kubernetes-plugin/2856","jglick","2026-07"
"jenkinsci/oic-auth-plugin/781","gbhat618","2026-07"
"jenkinsci/oic-auth-plugin/781","gbhat618","2026-07"
"jenkinsci/oic-auth-plugin/781","michael-doubez","2026-07"
"jenkinsci/google-compute-engine-plugin/566","jtnord","2026-07"
"jenkinsci/browserstack-integration-plugin/102","KrishnaSuravarapu","2026-07"
"jenkinsci/configuration-as-code-plugin/2872","timja","2026-07"
"jenkinsci/configuration-as-code-plugin/2872","somiljain2006","2026-07"
"jenkinsci/resources-ai-chatbot-plugin/424","arjun-713","2026-07"
"jenkinsci/resources-ai-chatbot-plugin/424","berviantoleo","2026-07"
"jenkinsci/resources-ai-chatbot-plugin/424","berviantoleo","2026-07"
"jenkinsci/resources-ai-chatbot-plugin/424","berviantoleo","2026-07"
"jenkinsci/resources-ai-chatbot-plugin/424","berviantoleo","2026-07"
"jenkinsci/resources-ai-chatbot-plugin/424","arjun-713","2026-07"
"jenkinsci/configuration-as-code-plugin/2871","timja","2026-07"
"jenkinsci/folder-properties-plugin/54","MarkEWaite","2026-07"
"jenkinsci/folder-properties-plugin/54","MarkEWaite","2026-07"
"jenkinsci/folder-properties-plugin/54","dgaya","2026-07"
"jenkinsci/finite-state-analysis-plugin/8","cpfarherFinitestate","2026-07"
"jenkinsci/user-guide-ai-chatbot-plugin/22","thatsdc","2026-07"
"jenkinsci/user-guide-ai-chatbot-plugin/22","thatsdc","2026-07"
"jenkinsci/user-guide-ai-chatbot-plugin/22","krisstern","2026-08"
"jenkinsci/user-guide-ai-chatbot-plugin/22","shivaylamba","2026-07"
"jenkinsci/user-guide-ai-chatbot-plugin/22","thatsdc","2026-07"
"jenkinsci/user-guide-ai-chatbot-plugin/22","thatsdc","2026-07"
"jenkinsci/user-guide-ai-chatbot-plugin/22","thatsdc","2026-07"
"jenkinsci/user-guide-ai-chatbot-plugin/22","thatsdc","2026-07"
"jenkinsci/user-guide-ai-chatbot-plugin/22","thatsdc","2026-07"
"jenkinsci/user-guide-ai-chatbot-plugin/22","chiruu12","2026-07"
"jenkinsci/user-guide-ai-chatbot-plugin/22","chiruu12","2026-07"
"jenkinsci/user-guide-ai-chatbot-plugin/22","chiruu12","2026-07"
"jenkinsci/user-guide-ai-chatbot-plugin/22","chiruu12","2026-07"
"jenkinsci/user-guide-ai-chatbot-plugin/22","chiruu12","2026-07"
"jenkinsci/atlassian-jira-software-cloud-plugin/139","samjrmartinez","2026-07"
"jenkinsci/ownership-plugin/105","atai","2026-07"
"jenkinsci/badge-plugin/369","steelhead31","2026-07"
"jenkinsci/badge-plugin/369","strangelookingnerd","2026-07"
"jenkinsci/jenkins/27127","jeevaratnamputla","2026-07"
"jenkinsci/jenkins/27127","MarkEWaite","2026-07"
"jenkinsci/jenkins/27127","MarkEWaite","2026-07"
"jenkinsci/jenkins/27127","daniel-beck","2026-07"
"jenkinsci/active-directory-plugin/716","mawinter69","2026-07"
"jenkinsci/active-directory-plugin/716","mawinter69","2026-07"
"jenkinsci/active-directory-plugin/716","jtnord","2026-07"
"jenkinsci/active-directory-plugin/716","daniel-beck","2026-07"
"jenkinsci/active-directory-plugin/716","daniel-beck","2026-07"
"jenkinsci/active-directory-plugin/716","jglick","2026-07"
"jenkinsci/active-directory-plugin/716","jglick","2026-07"
"jenkinsci/active-directory-plugin/716","jglick","2026-07"
"jenkinsci/jenkins/27126","jeevaratnamputla","2026-07"
"jenkinsci/jenkins/27126","MarkEWaite","2026-07"
"jenkinsci/jenkins/27126","daniel-beck","2026-07"
"jenkinsci/akeyless-plugin/13","alikdolg","2026-07"
"jenkinsci/akeyless-plugin/13","alikdolg","2026-07"
"jenkinsci/akeyless-plugin/13","baraka-akeyless","2026-07"
"jenkinsci/akeyless-plugin/13","baraka-akeyless","2026-07"
"jenkinsci/jenkins/27122","MarkEWaite","2026-07"
"jenkinsci/coverage-model/314","uhafner","2026-07"
"jenkinsci/workflow-cps-plugin/1809","timja","2026-07"
"jenkinsci/workflow-cps-plugin/1809","jglick","2026-07"
"jenkinsci/workflow-cps-plugin/1809","jglick","2026-07"
"jenkinsci/workflow-cps-plugin/1809","jglick","2026-07"
"jenkinsci/workflow-cps-plugin/1809","jglick","2026-07"
"jenkinsci/workflow-cps-plugin/1809","jglick","2026-07"
"jenkinsci/artifactory-artifact-manager-plugin/181","jonesbusy","2026-07"
"jenkinsci/coverage-plugin/789","akash-manna-sky","2026-08"
"jenkinsci/coverage-plugin/789","akash-manna-sky","2026-08"
"jenkinsci/coverage-plugin/789","uhafner","2026-08"
"jenkinsci/coverage-plugin/789","uhafner","2026-08"
"jenkinsci/hpe-application-automation-tools-plugin/1591","AppVeyorBot","2026-07"
"jenkinsci/hpe-application-automation-tools-plugin/1591","AppVeyorBot","2026-07"
"jenkinsci/helm-charts/1716","xoanmm","2026-07"
"jenkinsci/hpe-application-automation-tools-plugin/1590","AppVeyorBot","2026-07"
"jenkinsci/docker-commons-plugin/230","gbhat618","2026-07"
"jenkinsci/docker-commons-plugin/230","gbhat618","2026-07"
"jenkinsci/docker-commons-plugin/230","gbhat618","2026-07"
"jenkinsci/docker-commons-plugin/230","jglick","2026-07"
"jenkinsci/docker-commons-plugin/230","jglick","2026-07"
"jenkinsci/docker-commons-plugin/230","jglick","2026-07"
"jenkinsci/docker-commons-plugin/230","jglick","2026-07"
"jenkinsci/docker-commons-plugin/230","gbhat618","2026-07"
"jenkinsci/docker-commons-plugin/230","gbhat618","2026-07"
"jenkinsci/docker-commons-plugin/230","gbhat618","2026-07"
"jenkinsci/jenkins/27121","long76","2026-07"
"jenkinsci/coverage-plugin/786","uhafner","2026-07"
"jenkinsci/jenkins/27120","MarkEWaite","2026-07"
"jenkinsci/jenkins/27119","MarkEWaite","2026-07"
"jenkinsci/jenkins/27117","MarkEWaite","2026-07"
"jenkinsci/jenkins/27117","MarkEWaite","2026-07"
"jenkinsci/jenkins/27117","MarkEWaite","2026-07"
"jenkinsci/bitbucket-branch-source-plugin/1236","NickTheDevOpsGuy","2026-07"
"jenkinsci/bitbucket-branch-source-plugin/1236","NickTheDevOpsGuy","2026-07"
"jenkinsci/kubernetes-plugin/2855","jglick","2026-07"
"jenkinsci/kubernetes-plugin/2855","RajeshRajendiran","2026-07"
"jenkinsci/kubernetes-plugin/2855","RajeshRajendiran","2026-07"
"jenkinsci/resources-ai-chatbot-plugin/421","berviantoleo","2026-07"
"jenkinsci/bitbucket-branch-source-plugin/1235","NickTheDevOpsGuy","2026-07"
"jenkinsci/bom/7102","krisstern","2026-07"
"jenkinsci/acceptance-test-harness/2806","krisstern","2026-07"
"jenkinsci/acceptance-test-harness/2806","krisstern","2026-07"
"jenkinsci/kubernetes-plugin/2854","NoamGoren","2026-07"
"jenkinsci/kubernetes-plugin/2854","jglick","2026-07"
"jenkinsci/kubernetes-plugin/2854","jglick","2026-07"
"jenkinsci/kubernetes-plugin/2854","jglick","2026-07"
"jenkinsci/kubernetes-plugin/2854","jglick","2026-07"
"jenkinsci/multibranch-filter-plugin/29","ollehu","2026-07"
"jenkinsci/jenkins/27116","mawinter69","2026-07"
"jenkinsci/jenkins/27116","Piyush0049","2026-07"
"jenkinsci/jenkins/27116","Piyush0049","2026-07"
"jenkinsci/cloudbees-disk-usage-simple-plugin/192","mawinter69","2026-07"
"jenkinsci/cloudbees-disk-usage-simple-plugin/192","MarkEWaite","2026-07"
"jenkinsci/build-monitor-plugin/1309","darclander","2026-07"
"jenkinsci/bom/7101","jonesbusy","2026-07"
"jenkinsci/bitbucket-branch-source-plugin/1234","nfalco79","2026-07"
"jenkinsci/bitbucket-branch-source-plugin/1234","nfalco79","2026-07"
"jenkinsci/jenkins/27113","MarkEWaite","2026-07"
"jenkinsci/jenkins/27113","MarkEWaite","2026-07"
"jenkinsci/jenkins/27110","MarkEWaite","2026-07"
"jenkinsci/docker-agents/1258","bahrep","2026-07"
"jenkinsci/git-plugin/3988","lemeurherve","2026-07"
"jenkinsci/git-plugin/3988","jimklimov","2026-07"
"jenkinsci/google-compute-engine-plugin/565","tweirtx","2026-08"
"jenkinsci/bitbucket-branch-source-plugin/1232","nfalco79","2026-07"
"jenkinsci/bitbucket-branch-source-plugin/1232","NickTheDevOpsGuy","2026-07"
"jenkinsci/bitbucket-branch-source-plugin/1232","nfalco79","2026-07"
"jenkinsci/bitbucket-branch-source-plugin/1232","nfalco79","2026-07"
"jenkinsci/bitbucket-branch-source-plugin/1232","nfalco79","2026-07"
"jenkinsci/bitbucket-branch-source-plugin/1232","nfalco79","2026-07"
"jenkinsci/bitbucket-branch-source-plugin/1232","nfalco79","2026-07"
"jenkinsci/bitbucket-branch-source-plugin/1232","NickTheDevOpsGuy","2026-07"
"jenkinsci/ssh-agent-plugin/284","jglick","2026-07"
"jenkinsci/publish-over-plugin/89","gmcdonald","2026-07"
"jenkinsci/publish-over-plugin/89","gmcdonald","2026-07"
"jenkinsci/publish-over-plugin/89","beckersd","2026-07"
"jenkinsci/publish-over-plugin/89","gmcdonald","2026-07"
"jenkinsci/publish-over-plugin/89","gmcdonald","2026-07"
"jenkinsci/lambdatest-automation-plugin/37","rachit-lambdatest","2026-07"
"jenkinsci/lambdatest-automation-plugin/37","rachit-lambdatest","2026-07"
"jenkinsci/lambdatest-automation-plugin/37","rachit-lambdatest","2026-07"
"jenkinsci/lambdatest-automation-plugin/37","rachit-lambdatest","2026-07"
"jenkinsci/lambdatest-automation-plugin/37","rachit-lambdatest","2026-07"
"jenkinsci/lambdatest-automation-plugin/37","rachit-lambdatest","2026-07"
"jenkinsci/lambdatest-automation-plugin/37","rachit-lambdatest","2026-07"
"jenkinsci/lambdatest-automation-plugin/37","Delta456","2026-07"
"jenkinsci/lambdatest-automation-plugin/37","Delta456","2026-07"
"jenkinsci/lambdatest-automation-plugin/37","Delta456","2026-07"
"jenkinsci/lambdatest-automation-plugin/37","Delta456","2026-07"
"jenkinsci/lambdatest-automation-plugin/37","Delta456","2026-07"
"jenkinsci/jenkins/27108","krisstern","2026-07"
"jenkinsci/jenkins/27108","krisstern","2026-07"
"jenkinsci/jenkins/27108","krisstern","2026-07"
"jenkinsci/jenkins/27108","shalinisudarsan","2026-07"
"jenkinsci/jenkins/27108","krisstern","2026-07"
"jenkinsci/jenkins/27108","krisstern","2026-07"
"jenkinsci/jenkins/27108","MarkEWaite","2026-07"
"jenkinsci/bom/7086","timja","2026-07"
"jenkinsci/bom/7086","lemeurherve","2026-07"
"jenkinsci/bom/7086","lemeurherve","2026-07"
"jenkinsci/bom/7085","lemeurherve","2026-07"
"jenkinsci/bom/7085","lemeurherve","2026-07"
"jenkinsci/bom/7085","lemeurherve","2026-07"
"jenkinsci/bom/7085","lemeurherve","2026-07"
"jenkinsci/bom/7085","lemeurherve","2026-07"
"jenkinsci/jenkinsfile-runner/746","thetelgote","2026-07"
"jenkinsci/jenkins/27105","mandar1045","2026-07"
"jenkinsci/jenkins/27105","MarkEWaite","2026-07"
"jenkinsci/jenkins/27105","mandar1045","2026-07"
"jenkinsci/jenkins/27105","MarkEWaite","2026-07"
"jenkinsci/jenkins/27105","MarkEWaite","2026-07"
"jenkinsci/jenkins/27105","MarkEWaite","2026-07"
"jenkinsci/jenkins/27105","MarkEWaite","2026-07"
"jenkinsci/pipeline-build-step-plugin/254","jglick","2026-07"
"jenkinsci/pipeline-build-step-plugin/254","jglick","2026-07"
"jenkinsci/pipeline-build-step-plugin/254","gbhat618","2026-07"
"jenkinsci/cloudbees-disk-usage-simple-plugin/188","StefanSpieker","2026-07"
"jenkinsci/docker/2412","lemeurherve","2026-07"
"jenkinsci/docker/2412","Piyush0049","2026-07"
"jenkinsci/clover-plugin/113","marek-parfianowicz","2026-07"
"jenkinsci/clover-plugin/113","marek-parfianowicz","2026-07"
"jenkinsci/clover-plugin/113","marek-parfianowicz","2026-07"
"jenkinsci/ansible-tower-plugin/45","longhn0710","2026-07"
"jenkinsci/testcomplete-plugin/31","Shan-SmartBear","2026-07"
"jenkinsci/jenkins/27100","timja","2026-07"
"jenkinsci/jenkins/27100","timja","2026-07"
"jenkinsci/jenkins/27100","MarkEWaite","2026-07"
"jenkinsci/platformlabeler-plugin/2062","MarkEWaite","2026-07"
"jenkinsci/jenkins/27099","MarkEWaite","2026-07"
"jenkinsci/jenkins/27099","StefanSpieker","2026-07"
"jenkinsci/jenkins/27098","timja","2026-07"
"jenkinsci/jenkins/27098","daniel-beck","2026-07"
"jenkinsci/jenkins/27098","jglick","2026-07"
"jenkinsci/jenkins/27098","daniel-beck","2026-07"
"jenkinsci/jenkins/27098","jglick","2026-07"
"jenkinsci/jenkins/27098","daniel-beck","2026-07"
"jenkinsci/jenkins/27098","jglick","2026-07"
"jenkinsci/jenkins/27098","jglick","2026-07"
"jenkinsci/jenkins/27098","jglick","2026-07"
"jenkinsci/jenkins/27098","timja","2026-07"
"jenkinsci/jenkins/27098","jglick","2026-07"
"jenkinsci/jenkins/27098","MarkEWaite","2026-07"
"jenkinsci/ansible-tower-plugin/44","longhn0710","2026-07"
"jenkinsci/ansible-tower-plugin/44","longhn0710","2026-07"
"jenkinsci/ansible-tower-plugin/44","longhn0710","2026-07"
"jenkinsci/ansible-tower-plugin/44","mawinter69","2026-07"
"jenkinsci/ansible-tower-plugin/44","mawinter69","2026-07"
"jenkinsci/ansible-tower-plugin/44","mawinter69","2026-07"
"jenkinsci/ansible-tower-plugin/44","mawinter69","2026-07"
"jenkinsci/ansible-tower-plugin/44","mawinter69","2026-07"
"jenkinsci/ansible-tower-plugin/44","mawinter69","2026-07"
"jenkinsci/ansible-tower-plugin/44","mawinter69","2026-07"
"jenkinsci/maven-hpi-plugin/903","akash-manna-sky","2026-07"
"jenkinsci/dimensionsscm-plugin/107","gbhat618","2026-07"
"jenkinsci/dimensionsscm-plugin/107","daniel-beck","2026-07"
"jenkinsci/dimensionsscm-plugin/107","gbhat618","2026-07"
"jenkinsci/bom/7079","lemeurherve","2026-07"
"jenkinsci/bom/7079","lemeurherve","2026-07"
"jenkinsci/bom/7079","jglick","2026-07"
"jenkinsci/bom/7079","lemeurherve","2026-07"
"jenkinsci/bom/7079","lemeurherve","2026-07"
"jenkinsci/bom/7079","jglick","2026-07"
"jenkinsci/bom/7079","jglick","2026-07"
"jenkinsci/bom/7079","lemeurherve","2026-07"
"jenkinsci/bom/7079","lemeurherve","2026-07"
"jenkinsci/bom/7079","lemeurherve","2026-07"
"jenkinsci/bom/7079","jglick","2026-07"
"jenkinsci/bom/7079","lemeurherve","2026-07"
"jenkinsci/bom/7079","lemeurherve","2026-07"
"jenkinsci/bom/7079","lemeurherve","2026-07"
"jenkinsci/bom/7079","lemeurherve","2026-07"
"jenkinsci/bom/7079","lemeurherve","2026-07"
"jenkinsci/bom/7079","lemeurherve","2026-07"
"jenkinsci/bom/7079","lemeurherve","2026-07"
"jenkinsci/bom/7078","lemeurherve","2026-07"
"jenkinsci/bom/7077","lemeurherve","2026-07"
"jenkinsci/bom/7077","lemeurherve","2026-07"
"jenkinsci/ansible-tower-plugin/42","mawinter69","2026-07"
"jenkinsci/ansible-tower-plugin/42","mawinter69","2026-07"
"jenkinsci/ansible-tower-plugin/42","mawinter69","2026-07"
"jenkinsci/ansible-tower-plugin/42","mawinter69","2026-07"
"jenkinsci/ansible-tower-plugin/42","mawinter69","2026-07"
"jenkinsci/ansible-tower-plugin/42","mawinter69","2026-07"
"jenkinsci/build-token-trigger-plugin/7","MarkEWaite","2026-07"
"jenkinsci/active-directory-plugin/713","daniel-beck","2026-07"
"jenkinsci/active-directory-plugin/713","aneveux","2026-07"
"jenkinsci/active-directory-plugin/713","jglick","2026-07"
"jenkinsci/active-directory-plugin/713","daniel-beck","2026-07"
"jenkinsci/ec2-plugin/2023","gbhat618","2026-07"
"jenkinsci/ec2-plugin/2023","gbhat618","2026-07"
"jenkinsci/ec2-plugin/2023","jglick","2026-07"
"jenkinsci/ec2-plugin/2023","jglick","2026-07"
"jenkinsci/ec2-plugin/2023","apuig","2026-07"
"jenkinsci/ec2-plugin/2023","apuig","2026-07"
"jenkinsci/ec2-plugin/2023","gbhat618","2026-07"
"jenkinsci/ec2-plugin/2023","apuig","2026-07"
"jenkinsci/jenkins/27097","mawinter69","2026-07"
"jenkinsci/jenkins/27097","janfaracik","2026-07"
"jenkinsci/jenkins/27097","timja","2026-07"
"jenkinsci/jenkins/27097","timja","2026-07"
"jenkinsci/jenkins/27097","janfaracik","2026-07"
"jenkinsci/jenkins/27097","timja","2026-07"
"jenkinsci/dockerhub-notification-plugin/94","gbhat618","2026-07"
"jenkinsci/dockerhub-notification-plugin/94","gbhat618","2026-07"
"jenkinsci/dockerhub-notification-plugin/94","jglick","2026-07"
"jenkinsci/dockerhub-notification-plugin/94","jglick","2026-07"
"jenkinsci/dockerhub-notification-plugin/94","rsandell","2026-07"
"jenkinsci/dockerhub-notification-plugin/94","gbhat618","2026-07"
"jenkinsci/dockerhub-notification-plugin/94","jglick","2026-07"
"jenkinsci/junit-plugin/1242","timja","2026-07"
"jenkinsci/junit-plugin/1242","mdealer","2026-07"
"jenkinsci/docker-ssh-agent/662","Piyush0049","2026-07"
"jenkinsci/ansible-tower-plugin/39","mawinter69","2026-07"
"jenkinsci/build-token-root-plugin/250","zerlinpi","2026-07"
"jenkinsci/build-token-root-plugin/250","zerlinpi","2026-07"
"jenkinsci/build-token-root-plugin/250","zerlinpi","2026-07"
"jenkinsci/bom/7076","MarkEWaite","2026-07"
"jenkinsci/bom/7076","zerlinpi","2026-07"
"jenkinsci/bom/7076","MarkEWaite","2026-07"
"jenkinsci/bom/7076","zerlinpi","2026-07"
"jenkinsci/bom/7076","zerlinpi","2026-07"
"jenkinsci/bom/7076","timja","2026-07"
"jenkinsci/bom/7076","zerlinpi","2026-07"
"jenkinsci/bom/7076","zerlinpi","2026-07"
"jenkinsci/bom/7076","zerlinpi","2026-07"
"jenkinsci/bom/7076","lemeurherve","2026-07"
"jenkinsci/bom/7076","zerlinpi","2026-07"
"jenkinsci/bom/7076","lemeurherve","2026-07"
"jenkinsci/bom/7076","zerlinpi","2026-07"
"jenkinsci/bom/7076","zerlinpi","2026-07"
"jenkinsci/bom/7076","zerlinpi","2026-07"
"jenkinsci/bom/7076","zerlinpi","2026-07"
"jenkinsci/bom/7076","lemeurherve","2026-07"
"jenkinsci/bom/7076","lemeurherve","2026-07"
"jenkinsci/bom/7076","lemeurherve","2026-07"
"jenkinsci/bom/7076","zerlinpi","2026-07"
"jenkinsci/bom/7076","lemeurherve","2026-07"
"jenkinsci/bom/7076","lemeurherve","2026-07"
"jenkinsci/bom/7076","lemeurherve","2026-07"
"jenkinsci/bom/7076","MarkEWaite","2026-07"
"jenkinsci/bom/7076","jglick","2026-07"
"jenkinsci/bom/7076","jglick","2026-07"
"jenkinsci/bom/7075","MarkEWaite","2026-07"
"jenkinsci/acceptance-test-harness/2801","MarkEWaite","2026-07"
"jenkinsci/jenkins/27096","MarkEWaite","2026-07"
"jenkinsci/gerrit-trigger-plugin/1020","rsandell","2026-07"
"jenkinsci/gerrit-trigger-plugin/1020","mawinter69","2026-07"
"jenkinsci/gerrit-trigger-plugin/1020","mawinter69","2026-07"
"jenkinsci/gerrit-trigger-plugin/1020","mawinter69","2026-07"
"jenkinsci/gerrit-trigger-plugin/1020","rsandell","2026-07"
"jenkinsci/gerrit-trigger-plugin/1020","rsandell","2026-07"
"jenkinsci/gerrit-trigger-plugin/1020","rsandell","2026-07"
"jenkinsci/gerrit-trigger-plugin/1020","rsandell","2026-07"
"jenkinsci/jenkins/27095","MarkEWaite","2026-07"
"jenkinsci/jenkins/27094","jglick","2026-07"
"jenkinsci/jenkins/27094","mawinter69","2026-07"
"jenkinsci/jenkins/27094","MarkEWaite","2026-07"
"jenkinsci/docker/2410","lemeurherve","2026-07"
"jenkinsci/docker/2410","Piyush0049","2026-07"
"jenkinsci/docker/2410","Piyush0049","2026-07"
"jenkinsci/docker/2410","lemeurherve","2026-07"
"jenkinsci/docker/2410","Piyush0049","2026-07"
"jenkinsci/docker/2410","lemeurherve","2026-07"
"jenkinsci/docker/2410","lemeurherve","2026-07"
"jenkinsci/gradle-jpi-plugin/407","sghill","2026-08"
"jenkinsci/script-security-plugin/923","gbhat618","2026-07"
"jenkinsci/simple-queue-plugin/37","judovana","2026-07"
"jenkinsci/simple-queue-plugin/37","judovana","2026-07"
"jenkinsci/simple-queue-plugin/37","jimklimov","2026-07"
"jenkinsci/docker/2405","lemeurherve","2026-07"
"jenkinsci/checkmarx-plugin/174","cx-umesh-waghode","2026-07"
"jenkinsci/p4-plugin/278","skumar7322","2026-07"
"jenkinsci/jenkins/27090","MarkEWaite","2026-07"
"jenkinsci/acceptance-test-harness/2800","MarkEWaite","2026-07"
"jenkinsci/bom/7068","MarkEWaite","2026-07"
"jenkinsci/jenkins/27089","MarkEWaite","2026-07"
"jenkinsci/gerrit-trigger-plugin/1018","panicking","2026-07"
"jenkinsci/jenkins/27088","Siddhartha-singh01","2026-07"
"jenkinsci/ec2-fleet-plugin/577","ZillaG","2026-07"
"jenkinsci/jenkins/27087","daniel-beck","2026-07"
"jenkinsci/jenkins/27087","Piyush0049","2026-07"
"jenkinsci/jenkins/27087","Piyush0049","2026-07"
"jenkinsci/jenkins/27087","MarkEWaite","2026-07"
"jenkinsci/jenkins/27087","MarkEWaite","2026-07"
"jenkinsci/jenkins/27087","Piyush0049","2026-07"
"jenkinsci/jenkins/27087","MarkEWaite","2026-07"
"jenkinsci/jenkins/27087","Piyush0049","2026-07"
"jenkinsci/jenkins/27087","Piyush0049","2026-07"
"jenkinsci/jenkins/27087","daniel-beck","2026-07"
"jenkinsci/jenkins/27087","MarkEWaite","2026-07"
"jenkinsci/analysis-model/1551","akash-manna-sky","2026-08"
"jenkinsci/analysis-model/1551","uhafner","2026-08"
"jenkinsci/analysis-model/1551","uhafner","2026-08"
"jenkinsci/analysis-model/1551","akash-manna-sky","2026-08"
"jenkinsci/analysis-model/1551","uhafner","2026-08"
"jenkinsci/analysis-model/1551","akash-manna-sky","2026-08"
"jenkinsci/build-token-trigger-plugin/6","zerlinpi","2026-07"
"jenkinsci/build-token-trigger-plugin/6","zerlinpi","2026-07"
"jenkinsci/build-token-trigger-plugin/6","zerlinpi","2026-07"
"jenkinsci/build-token-trigger-plugin/6","zerlinpi","2026-07"
"jenkinsci/build-token-trigger-plugin/6","zerlinpi","2026-07"
"jenkinsci/build-token-trigger-plugin/6","zerlinpi","2026-07"
"jenkinsci/build-token-trigger-plugin/6","zerlinpi","2026-07"
"jenkinsci/build-token-trigger-plugin/6","jglick","2026-07"
"jenkinsci/build-token-trigger-plugin/6","jglick","2026-07"
"jenkinsci/build-token-trigger-plugin/6","jglick","2026-07"
"jenkinsci/build-token-trigger-plugin/6","zerlinpi","2026-07"
"jenkinsci/build-token-trigger-plugin/6","zerlinpi","2026-07"
"jenkinsci/build-token-trigger-plugin/6","zerlinpi","2026-07"
"jenkinsci/build-token-trigger-plugin/6","zerlinpi","2026-07"
"jenkinsci/build-token-trigger-plugin/6","jglick","2026-07"
"jenkinsci/build-token-trigger-plugin/6","jglick","2026-07"
"jenkinsci/build-token-trigger-plugin/6","jglick","2026-07"
"jenkinsci/build-token-trigger-plugin/6","jglick","2026-07"
"jenkinsci/build-token-trigger-plugin/6","jglick","2026-07"
"jenkinsci/build-token-trigger-plugin/6","jglick","2026-07"
"jenkinsci/build-token-trigger-plugin/6","jglick","2026-07"
"jenkinsci/build-token-trigger-plugin/6","jglick","2026-07"
"jenkinsci/build-token-trigger-plugin/6","MarkEWaite","2026-07"
"jenkinsci/build-token-trigger-plugin/6","MarkEWaite","2026-07"
"jenkinsci/build-token-trigger-plugin/6","zerlinpi","2026-07"
"jenkinsci/build-token-trigger-plugin/6","zerlinpi","2026-07"
"jenkinsci/build-token-trigger-plugin/6","zerlinpi","2026-07"
"jenkinsci/build-token-trigger-plugin/6","zerlinpi","2026-07"
"jenkinsci/build-token-trigger-plugin/6","zerlinpi","2026-07"
"jenkinsci/build-token-trigger-plugin/6","zerlinpi","2026-07"
"jenkinsci/build-token-trigger-plugin/6","zerlinpi","2026-07"
"jenkinsci/build-token-trigger-plugin/6","zerlinpi","2026-07"
"jenkinsci/build-token-trigger-plugin/6","jglick","2026-07"
"jenkinsci/build-token-trigger-plugin/6","jglick","2026-07"
"jenkinsci/build-token-trigger-plugin/6","jglick","2026-07"
"jenkinsci/build-token-trigger-plugin/6","jglick","2026-07"
"jenkinsci/build-token-trigger-plugin/6","jglick","2026-07"
"jenkinsci/build-token-trigger-plugin/6","zerlinpi","2026-07"
"jenkinsci/build-token-trigger-plugin/6","zerlinpi","2026-07"
"jenkinsci/build-token-trigger-plugin/6","zerlinpi","2026-07"
"jenkinsci/build-token-trigger-plugin/6","zerlinpi","2026-07"
"jenkinsci/build-token-trigger-plugin/6","jglick","2026-07"
"jenkinsci/ghprb-plugin/870","lemeurherve","2026-07"
"jenkinsci/ghprb-plugin/870","lemeurherve","2026-07"
"jenkinsci/ghprb-plugin/870","MarkEWaite","2026-07"
"jenkinsci/hpe-application-automation-tools-plugin/1589","AppVeyorBot","2026-07"
"jenkinsci/hpe-application-automation-tools-plugin/1589","AppVeyorBot","2026-07"
"jenkinsci/hpe-application-automation-tools-plugin/1589","dorin7bogdan","2026-07"
"jenkinsci/junit-plugin/1241","timja","2026-07"
"jenkinsci/acceptance-test-harness/2799","MarkEWaite","2026-07"
"jenkinsci/bom/7066","lemeurherve","2026-07"
"jenkinsci/bom/7066","MarkEWaite","2026-07"
"jenkinsci/bom/7066","lemeurherve","2026-07"
"jenkinsci/bom/7066","lemeurherve","2026-07"
"jenkinsci/bom/7066","lemeurherve","2026-07"
"jenkinsci/bom/7066","MarkEWaite","2026-07"
"jenkinsci/bom/7066","lemeurherve","2026-07"
"jenkinsci/bom/7066","lemeurherve","2026-07"
"jenkinsci/bom/7066","lemeurherve","2026-07"
"jenkinsci/jenkins/27086","MarkEWaite","2026-07"
"jenkinsci/jenkins/27086","MarkEWaite","2026-07"
"jenkinsci/jenkins/27086","MarkEWaite","2026-07"
"jenkinsci/jenkins/27086","MarkEWaite","2026-07"
"jenkinsci/jenkins/27086","MarkEWaite","2026-07"
"jenkinsci/jenkins/27086","MarkEWaite","2026-07"
"jenkinsci/jenkins/27086","MarkEWaite","2026-07"
"jenkinsci/jenkins/27086","MarkEWaite","2026-07"
"jenkinsci/jenkins/27084","MarkEWaite","2026-07"
"jenkinsci/jenkins/27083","umbertocicciaa","2026-07"
"jenkinsci/jenkins/27083","MarkEWaite","2026-07"
"jenkinsci/jenkins/27083","umbertocicciaa","2026-07"
"jenkinsci/jenkins/27082","MarkEWaite","2026-07"
"jenkinsci/user-guide-ai-chatbot-plugin/20","shivaylamba","2026-07"
"jenkinsci/user-guide-ai-chatbot-plugin/20","shivaylamba","2026-07"
"jenkinsci/user-guide-ai-chatbot-plugin/20","thatsdc","2026-07"
"jenkinsci/user-guide-ai-chatbot-plugin/20","thatsdc","2026-07"
"jenkinsci/user-guide-ai-chatbot-plugin/20","shivaylamba","2026-07"
"jenkinsci/user-guide-ai-chatbot-plugin/20","krisstern","2026-07"
"jenkinsci/user-guide-ai-chatbot-plugin/20","krisstern","2026-07"
"jenkinsci/user-guide-ai-chatbot-plugin/20","krisstern","2026-07"
"jenkinsci/user-guide-ai-chatbot-plugin/20","thatsdc","2026-07"
"jenkinsci/user-guide-ai-chatbot-plugin/20","thatsdc","2026-07"
"jenkinsci/jenkins/27081","MarkEWaite","2026-07"
"jenkinsci/jenkins/27080","Piyush0049","2026-07"
"jenkinsci/jenkins/27080","MarkEWaite","2026-07"
"jenkinsci/jenkins/27080","MarkEWaite","2026-07"
"jenkinsci/acceptance-test-harness/2797","MarkEWaite","2026-07"
"jenkinsci/jenkins/27077","MarkEWaite","2026-07"
"jenkinsci/jenkins/27077","MarkEWaite","2026-07"
"jenkinsci/jenkins/27077","MarkEWaite","2026-07"
"jenkinsci/jenkinsfilelint/48","shenxianpeng","2026-07"
"jenkinsci/jenkinsfilelint/48","shenxianpeng","2026-07"
"jenkinsci/jenkinsfilelint/44","shenxianpeng","2026-07"
"jenkinsci/jenkinsfilelint/44","shenxianpeng","2026-07"
"jenkinsci/jenkinsfilelint/42","shenxianpeng","2026-07"
"jenkinsci/jenkinsfilelint/42","shenxianpeng","2026-07"
"jenkinsci/jenkinsfilelint/42","shenxianpeng","2026-07"
"jenkinsci/jenkinsfilelint/42","shenxianpeng","2026-07"
"jenkinsci/jenkinsfilelint/42","shenxianpeng","2026-07"
"jenkinsci/jenkinsfilelint/42","shenxianpeng","2026-07"
"jenkinsci/git-parameter-plugin/340","MarkEWaite","2026-07"
"jenkinsci/git-parameter-plugin/340","eNBeWe","2026-07"
"jenkinsci/git-parameter-plugin/340","MarkEWaite","2026-07"
"jenkinsci/git-forensics-plugin/1272","uhafner","2026-08"
"jenkinsci/workflow-job-plugin/776","timja","2026-07"
"jenkinsci/workflow-job-plugin/776","janfaracik","2026-07"
"jenkinsci/docker/2402","Piyush0049","2026-07"
"jenkinsci/docker/2402","lemeurherve","2026-07"
"jenkinsci/docker/2402","lemeurherve","2026-07"
"jenkinsci/docker/2402","lemeurherve","2026-07"
"jenkinsci/docker/2402","lemeurherve","2026-07"
"jenkinsci/docker/2402","lemeurherve","2026-07"
"jenkinsci/priority-sorter-plugin/665","MarkEWaite","2026-07"
"jenkinsci/configuration-as-code-plugin/2867","timja","2026-07"
"jenkinsci/job-dsl-plugin/2622","hjhafner","2026-07"
"jenkinsci/job-dsl-plugin/2622","timja","2026-08"
"jenkinsci/job-dsl-plugin/2622","timja","2026-08"
"jenkinsci/job-dsl-plugin/2622","timja","2026-08"
"jenkinsci/job-dsl-plugin/2622","hjhafner","2026-08"
"jenkinsci/job-dsl-plugin/2622","hjhafner","2026-08"
"jenkinsci/job-dsl-plugin/2622","hjhafner","2026-08"
"jenkinsci/job-dsl-plugin/2622","hjhafner","2026-08"
"jenkinsci/ec2-plugin/2021","res0nance","2026-07"
"jenkinsci/ec2-plugin/2021","boyadboz","2026-07"
"jenkinsci/ec2-plugin/2021","res0nance","2026-07"
"jenkinsci/jenkins/27067","daniel-beck","2026-07"
"jenkinsci/jenkins/27067","BobDu","2026-07"
"jenkinsci/jenkins/27067","janfaracik","2026-07"
"jenkinsci/jenkins/27067","BobDu","2026-07"
"jenkinsci/bom/7059","krisstern","2026-07"
"jenkinsci/kubernetes-plugin/2851","jglick","2026-07"
"jenkinsci/kubernetes-plugin/2851","RanjitCS","2026-07"
"jenkinsci/kubernetes-plugin/2851","RanjitCS","2026-07"
"jenkinsci/kubernetes-plugin/2851","jglick","2026-07"
"jenkinsci/kubernetes-plugin/2851","jglick","2026-07"
"jenkinsci/kubernetes-plugin/2851","jglick","2026-07"
"jenkinsci/kubernetes-plugin/2851","jglick","2026-07"
"jenkinsci/kubernetes-plugin/2851","jglick","2026-07"
"jenkinsci/kubernetes-plugin/2851","jglick","2026-07"
"jenkinsci/kubernetes-plugin/2851","jglick","2026-07"
"jenkinsci/kubernetes-plugin/2851","jglick","2026-07"
"jenkinsci/kubernetes-plugin/2851","jglick","2026-07"
"jenkinsci/kubernetes-plugin/2851","jglick","2026-07"
"jenkinsci/kubernetes-plugin/2851","RanjitCS","2026-07"
"jenkinsci/kubernetes-plugin/2851","RanjitCS","2026-07"
"jenkinsci/kubernetes-plugin/2851","RanjitCS","2026-07"
"jenkinsci/kubernetes-plugin/2851","RanjitCS","2026-07"
"jenkinsci/kubernetes-plugin/2851","RanjitCS","2026-07"
"jenkinsci/kubernetes-plugin/2851","RanjitCS","2026-07"
"jenkinsci/kubernetes-plugin/2851","RanjitCS","2026-07"
"jenkinsci/kubernetes-plugin/2851","RanjitCS","2026-07"
"jenkinsci/kubernetes-plugin/2851","RanjitCS","2026-07"
"jenkinsci/kubernetes-plugin/2851","jglick","2026-07"
"jenkinsci/kubernetes-plugin/2851","jglick","2026-07"
"jenkinsci/jenkins/27066","AmariahAK","2026-07"
"jenkinsci/jenkins/27066","MarkEWaite","2026-07"
"jenkinsci/jenkins/27066","AmariahAK","2026-07"
"jenkinsci/jenkins/27066","MarkEWaite","2026-07"
"jenkinsci/jenkins/27066","AmariahAK","2026-07"
"jenkinsci/jenkins/27066","AmariahAK","2026-07"
"jenkinsci/jenkins/27066","MarkEWaite","2026-07"
"jenkinsci/ec2-plugin/2020","gbhat618","2026-07"
"jenkinsci/ec2-plugin/2020","gbhat618","2026-07"
"jenkinsci/ec2-plugin/2020","gbhat618","2026-07"
"jenkinsci/ec2-plugin/2020","gbhat618","2026-07"
"jenkinsci/ec2-plugin/2020","gbhat618","2026-07"
"jenkinsci/ec2-plugin/2020","gbhat618","2026-07"
"jenkinsci/ec2-plugin/2020","gbhat618","2026-07"
"jenkinsci/ec2-plugin/2020","gbhat618","2026-07"
"jenkinsci/ec2-plugin/2020","gbhat618","2026-07"
"jenkinsci/ec2-plugin/2020","jglick","2026-07"
"jenkinsci/ec2-plugin/2020","jglick","2026-07"
"jenkinsci/ec2-plugin/2020","jglick","2026-07"
"jenkinsci/ec2-plugin/2020","jglick","2026-07"
"jenkinsci/ec2-plugin/2020","jglick","2026-07"
"jenkinsci/ec2-plugin/2020","jglick","2026-07"
"jenkinsci/ec2-plugin/2020","gbhat618","2026-07"
"jenkinsci/ec2-plugin/2020","gbhat618","2026-07"
"jenkinsci/ec2-plugin/2020","gbhat618","2026-07"
"jenkinsci/jenkins/27065","U-S-jun","2026-07"
"jenkinsci/ec2-fleet-plugin/572","BradyShober","2026-07"
"jenkinsci/ec2-fleet-plugin/572","lemeurherve","2026-07"
"jenkinsci/ec2-fleet-plugin/572","lemeurherve","2026-07"
"jenkinsci/ec2-fleet-plugin/572","lemeurherve","2026-07"
"jenkinsci/ec2-fleet-plugin/572","lemeurherve","2026-07"
"jenkinsci/ec2-fleet-plugin/572","lemeurherve","2026-07"
"jenkinsci/ec2-fleet-plugin/572","lemeurherve","2026-07"
"jenkinsci/ec2-fleet-plugin/572","lemeurherve","2026-07"
"jenkinsci/JiraTestResultReporter-plugin/305","chcg","2026-07"
"jenkinsci/jenkins/27064","MarkEWaite","2026-07"
"jenkinsci/jenkins/27064","rajat315315","2026-07"
"jenkinsci/jenkins/27063","MarkEWaite","2026-07"
"jenkinsci/jenkins/27063","MarkEWaite","2026-07"
"jenkinsci/jenkins/27063","rajat315315","2026-07"
"jenkinsci/jenkins/27063","MarkEWaite","2026-07"
"jenkinsci/jenkins/27063","daniel-beck","2026-07"
"jenkinsci/jenkins/27063","rajat315315","2026-07"
"jenkinsci/jenkins/27063","rajat315315","2026-07"
"jenkinsci/jenkins/27063","rajat315315","2026-07"
"jenkinsci/jenkins/27063","rajat315315","2026-07"
"jenkinsci/jenkins/27063","MarkEWaite","2026-07"
"jenkinsci/jenkins/27063","MarkEWaite","2026-07"
"jenkinsci/jenkins/27063","MarkEWaite","2026-07"
"jenkinsci/jenkins/27063","daniel-beck","2026-07"
"jenkinsci/jenkins/27063","rajat315315","2026-07"
"jenkinsci/jenkins/27063","MarkEWaite","2026-07"
"jenkinsci/jenkins/27062","MarkEWaite","2026-07"
"jenkinsci/jenkins/27060","MarkEWaite","2026-07"
"jenkinsci/jenkins/27058","MarkEWaite","2026-07"
"jenkinsci/jenkins/27058","MarkEWaite","2026-07"
"jenkinsci/jenkins/27058","AbdelHamdyGhanem","2026-07"
"jenkinsci/ssh-agent-plugin/282","jglick","2026-07"
"jenkinsci/ssh-agent-plugin/281","jglick","2026-07"
"jenkinsci/oic-auth-plugin/774","jglick","2026-07"
"jenkinsci/oic-auth-plugin/774","jtnord","2026-07"
"jenkinsci/jenkins/27054","daniel-beck","2026-07"
"jenkinsci/jenkins/27051","KartikSuryavanshi","2026-07"
"jenkinsci/jenkins/27051","KartikSuryavanshi","2026-07"
"jenkinsci/jenkins/27051","KartikSuryavanshi","2026-07"
"jenkinsci/jenkins/27051","KartikSuryavanshi","2026-07"
"jenkinsci/jenkins/27050","MarkEWaite","2026-07"
"jenkinsci/junit-plugin/1239","timja","2026-07"
"jenkinsci/junit-plugin/1239","mdealer","2026-07"
"jenkinsci/jenkins/27049","MarkEWaite","2026-07"
"jenkinsci/sysdig-secure-plugin/163","mateobur","2026-07"
"jenkinsci/sysdig-secure-plugin/162","mateobur","2026-07"
"jenkinsci/sysdig-secure-plugin/162","mateobur","2026-07"
"jenkinsci/allure-plugin/465","long76","2026-07"
"jenkinsci/helm-charts/1703","timja","2026-07"
"jenkinsci/helm-charts/1703","daitiantian001","2026-07"
"jenkinsci/helm-charts/1703","timja","2026-07"
"jenkinsci/helm-charts/1703","daitiantian001","2026-07"
"jenkinsci/helm-charts/1703","daitiantian001","2026-07"
"jenkinsci/jenkins/27048","AbdelHamdyGhanem","2026-07"
"jenkinsci/jenkins/27048","apuig","2026-07"
"jenkinsci/jenkins/27048","MarkEWaite","2026-07"
"jenkinsci/kubernetes-plugin/2850","amarkdotdev","2026-07"
"jenkinsci/kubernetes-plugin/2850","jglick","2026-07"
"jenkinsci/credentials-binding-plugin/534","timja","2026-07"
"jenkinsci/credentials-binding-plugin/534","rmontag-ap","2026-07"
"jenkinsci/credentials-binding-plugin/534","Kevin-CB","2026-07"
"jenkinsci/credentials-binding-plugin/534","jtnord","2026-07"
"jenkinsci/credentials-binding-plugin/534","jtnord","2026-07"
"jenkinsci/credentials-binding-plugin/534","jtnord","2026-07"
"jenkinsci/credentials-binding-plugin/534","jtnord","2026-07"
"jenkinsci/credentials-binding-plugin/534","jtnord","2026-07"
"jenkinsci/credentials-binding-plugin/534","jtnord","2026-07"
"jenkinsci/credentials-binding-plugin/534","jglick","2026-07"
"jenkinsci/credentials-binding-plugin/534","jglick","2026-07"
"jenkinsci/credentials-binding-plugin/534","jglick","2026-07"
"jenkinsci/jenkins/27047","AbdelHamdyGhanem","2026-07"
"jenkinsci/jenkins/27047","MarkEWaite","2026-07"
"jenkinsci/credentials-binding-plugin/533","Kevin-CB","2026-07"
"jenkinsci/credentials-binding-plugin/533","daniel-beck","2026-07"
"jenkinsci/credentials-binding-plugin/533","daniel-beck","2026-07"
"jenkinsci/credentials-binding-plugin/533","daniel-beck","2026-07"
"jenkinsci/credentials-binding-plugin/533","jtnord","2026-07"
"jenkinsci/credentials-binding-plugin/533","jtnord","2026-07"
"jenkinsci/credentials-binding-plugin/533","jtnord","2026-07"
"jenkinsci/credentials-binding-plugin/533","jglick","2026-07"
"jenkinsci/credentials-binding-plugin/533","jglick","2026-07"
"jenkinsci/credentials-binding-plugin/533","jglick","2026-07"
"jenkinsci/credentials-binding-plugin/533","jglick","2026-07"
"jenkinsci/warnings-ng-plugin/3382","jtnord","2026-07"
"jenkinsci/warnings-ng-plugin/3382","jtnord","2026-07"
"jenkinsci/warnings-ng-plugin/3382","jtnord","2026-07"
"jenkinsci/warnings-ng-plugin/3382","jtnord","2026-07"
"jenkinsci/warnings-ng-plugin/3382","jtnord","2026-07"
"jenkinsci/warnings-ng-plugin/3382","jtnord","2026-07"
"jenkinsci/warnings-ng-plugin/3382","jtnord","2026-07"
"jenkinsci/warnings-ng-plugin/3382","jtnord","2026-07"
"jenkinsci/warnings-ng-plugin/3382","jtnord","2026-07"
"jenkinsci/warnings-ng-plugin/3382","jtnord","2026-07"
"jenkinsci/warnings-ng-plugin/3382","uhafner","2026-07"
"jenkinsci/warnings-ng-plugin/3382","uhafner","2026-07"
"jenkinsci/warnings-ng-plugin/3382","uhafner","2026-07"
"jenkinsci/jenkins/27046","janfaracik","2026-07"
"jenkinsci/jenkins/27046","jonesbusy","2026-07"
"jenkinsci/jenkins/27046","timja","2026-07"
"jenkinsci/jenkins/27046","StefanSpieker","2026-07"
"jenkinsci/docker/2400","lemeurherve","2026-07"
"jenkinsci/active-choices-plugin/991","kinow","2026-07"
"jenkinsci/active-choices-plugin/991","tzachs","2026-07"
"jenkinsci/active-choices-plugin/991","krrrr38","2026-07"
"jenkinsci/active-choices-plugin/991","krrrr38","2026-08"
"jenkinsci/active-choices-plugin/991","kinow","2026-08"
"jenkinsci/active-choices-plugin/991","krrrr38","2026-07"
"jenkinsci/active-choices-plugin/991","kinow","2026-08"
"jenkinsci/active-choices-plugin/991","kinow","2026-08"
"jenkinsci/google-compute-engine-plugin/563","das7pad","2026-07"
"jenkinsci/google-compute-engine-plugin/562","das7pad","2026-07"
"jenkinsci/kubernetes-plugin/2848","jglick","2026-07"
"jenkinsci/kubernetes-plugin/2848","jglick","2026-07"
"jenkinsci/resources-ai-chatbot-plugin/417","arjun-713","2026-07"
"jenkinsci/resources-ai-chatbot-plugin/417","giovanni-vaccarino","2026-07"
"jenkinsci/resources-ai-chatbot-plugin/417","arjun-713","2026-07"
"jenkinsci/resources-ai-chatbot-plugin/417","arjun-713","2026-08"
"jenkinsci/resources-ai-chatbot-plugin/417","arjun-713","2026-08"
"jenkinsci/resources-ai-chatbot-plugin/417","giovanni-vaccarino","2026-08"
"jenkinsci/resources-ai-chatbot-plugin/417","giovanni-vaccarino","2026-07"
"jenkinsci/resources-ai-chatbot-plugin/417","berviantoleo","2026-07"
"jenkinsci/resources-ai-chatbot-plugin/417","berviantoleo","2026-07"
"jenkinsci/resources-ai-chatbot-plugin/417","berviantoleo","2026-07"
"jenkinsci/resources-ai-chatbot-plugin/417","arjun-713","2026-07"
"jenkinsci/resources-ai-chatbot-plugin/417","giovanni-vaccarino","2026-07"
"jenkinsci/resources-ai-chatbot-plugin/416","arjun-713","2026-07"
"jenkinsci/resources-ai-chatbot-plugin/416","berviantoleo","2026-07"
"jenkinsci/resources-ai-chatbot-plugin/416","berviantoleo","2026-07"
"jenkinsci/resources-ai-chatbot-plugin/416","arjun-713","2026-07"
"jenkinsci/resources-ai-chatbot-plugin/416","berviantoleo","2026-07"
"jenkinsci/resources-ai-chatbot-plugin/416","arjun-713","2026-07"
"jenkinsci/docker/2398","timja","2026-07"
"jenkinsci/docker/2398","lemeurherve","2026-07"
"jenkinsci/email-ext-plugin/1597","slide","2026-07"
"jenkinsci/docker/2395","dduportal","2026-07"
"jenkinsci/docker/2395","lemeurherve","2026-07"
"jenkinsci/docker/2395","dduportal","2026-07"
"jenkinsci/bitbucket-branch-source-plugin/1228","nfalco79","2026-07"
"jenkinsci/bitbucket-branch-source-plugin/1228","nfalco79","2026-07"
"jenkinsci/bitbucket-branch-source-plugin/1228","nfalco79","2026-07"
"jenkinsci/bitbucket-branch-source-plugin/1228","nfalco79","2026-07"
"jenkinsci/jenkins/27042","daniel-beck","2026-07"
"jenkinsci/jenkins/27042","timja","2026-07"
"jenkinsci/jenkins/27042","AbdelHamdyGhanem","2026-07"
"jenkinsci/jenkins/27042","timja","2026-07"
"jenkinsci/configuration-as-code-plugin/2865","somiljain2006","2026-07"
"jenkinsci/configuration-as-code-plugin/2865","timja","2026-07"
"jenkinsci/configuration-as-code-plugin/2865","somiljain2006","2026-07"
"jenkinsci/configuration-as-code-plugin/2865","timja","2026-07"
"jenkinsci/configuration-as-code-plugin/2865","somiljain2006","2026-07"
"jenkinsci/configuration-as-code-plugin/2865","somiljain2006","2026-08"
"jenkinsci/configuration-as-code-plugin/2865","somiljain2006","2026-07"
"jenkinsci/configuration-as-code-plugin/2865","somiljain2006","2026-07"
"jenkinsci/configuration-as-code-plugin/2865","somiljain2006","2026-07"
"jenkinsci/configuration-as-code-plugin/2865","somiljain2006","2026-07"
"jenkinsci/configuration-as-code-plugin/2865","timja","2026-07"
"jenkinsci/configuration-as-code-plugin/2865","somiljain2006","2026-07"
"jenkinsci/configuration-as-code-plugin/2865","somiljain2006","2026-07"
"jenkinsci/configuration-as-code-plugin/2865","somiljain2006","2026-07"
"jenkinsci/configuration-as-code-plugin/2865","somiljain2006","2026-07"
"jenkinsci/configuration-as-code-plugin/2865","timja","2026-08"
"jenkinsci/configuration-as-code-plugin/2865","timja","2026-08"
"jenkinsci/configuration-as-code-plugin/2865","timja","2026-08"
"jenkinsci/configuration-as-code-plugin/2865","timja","2026-08"
"jenkinsci/configuration-as-code-plugin/2865","timja","2026-08"
"jenkinsci/configuration-as-code-plugin/2865","timja","2026-08"
"jenkinsci/configuration-as-code-plugin/2865","timja","2026-08"
"jenkinsci/configuration-as-code-plugin/2865","timja","2026-08"
"jenkinsci/configuration-as-code-plugin/2865","timja","2026-08"
"jenkinsci/configuration-as-code-plugin/2865","timja","2026-08"
"jenkinsci/configuration-as-code-plugin/2865","timja","2026-08"
"jenkinsci/docker/2392","lemeurherve","2026-07"
"jenkinsci/saml-plugin/776","jglick","2026-07"
"jenkinsci/saml-plugin/776","jglick","2026-07"
"jenkinsci/sectioned-view-plugin/89","RobinFauvel","2026-07"
"jenkinsci/sectioned-view-plugin/89","mbSmaga","2026-07"
"jenkinsci/sectioned-view-plugin/89","MeyerhoeferNicolai","2026-07"
"jenkinsci/credentials-binding-plugin/530","jglick","2026-07"
"jenkinsci/credentials-binding-plugin/530","dillon-zheng","2026-07"
"jenkinsci/credentials-binding-plugin/530","jglick","2026-07"
"jenkinsci/hpe-application-automation-tools-plugin/1588","AppVeyorBot","2026-07"
"jenkinsci/git-plugin/3985","NickTheDevOpsGuy","2026-07"
"jenkinsci/git-plugin/3985","NickTheDevOpsGuy","2026-07"
"jenkinsci/git-plugin/3985","MarkEWaite","2026-07"
"jenkinsci/git-plugin/3985","NickTheDevOpsGuy","2026-07"
"jenkinsci/git-plugin/3985","NickTheDevOpsGuy","2026-07"
"jenkinsci/jenkins/27038","mawinter69","2026-07"
"jenkinsci/jenkins/27038","daniel-beck","2026-07"
"jenkinsci/jenkins/27038","MarkEWaite","2026-07"
"jenkinsci/jenkins/27038","cytrock","2026-07"
"jenkinsci/jenkins/27038","daniel-beck","2026-07"
"jenkinsci/jenkins/27038","daniel-beck","2026-07"
"jenkinsci/jenkins/27038","daniel-beck","2026-07"
"jenkinsci/jenkins/27038","daniel-beck","2026-07"
"jenkinsci/jenkins/27038","daniel-beck","2026-07"
"jenkinsci/jenkins/27038","cytrock","2026-07"
"jenkinsci/jenkins/27038","daniel-beck","2026-07"
"jenkinsci/jenkins/27038","MarkEWaite","2026-07"
"jenkinsci/smart-retry-plugin/14","jglick","2026-07"
"jenkinsci/smart-retry-plugin/14","donhui","2026-07"
"jenkinsci/smart-retry-plugin/14","jglick","2026-07"
"jenkinsci/scriptler-plugin/194","somiljain2006","2026-07"
"jenkinsci/jenkins/27036","MarkEWaite","2026-07"
"jenkinsci/jenkins/27036","AbdelHamdyGhanem","2026-07"
"jenkinsci/configuration-as-code-plugin/2864","timja","2026-07"
"jenkinsci/configuration-as-code-plugin/2864","timja","2026-07"
"jenkinsci/configuration-as-code-plugin/2864","somiljain2006","2026-07"
"jenkinsci/scm-manager-plugin/79","zT-1337","2026-07"
"jenkinsci/email-ext-plugin/1596","akash-manna-sky","2026-07"
"jenkinsci/jenkins/27035","MarkEWaite","2026-07"
"jenkinsci/jenkins/27035","MarkEWaite","2026-07"
"jenkinsci/jenkins/27035","AbdelHamdyGhanem","2026-07"
"jenkinsci/jenkins-infra-test-plugin/222","jayfranco999","2026-07"
"jenkinsci/azure-ad-plugin/819","timja","2026-07"
"jenkinsci/jenkins/27033","MarkEWaite","2026-07"
"jenkinsci/configuration-as-code-plugin/2861","timja","2026-07"
"jenkinsci/jenkins/27032","MarkEWaite","2026-07"
"jenkinsci/jenkins/27032","thswlsqls","2026-07"
"jenkinsci/jenkins/27032","thswlsqls","2026-07"
"jenkinsci/jenkins/27032","MarkEWaite","2026-07"
"jenkinsci/jenkins/27032","thswlsqls","2026-07"
"jenkinsci/url-filter-plugin/3","timja","2026-07"
"jenkinsci/configuration-as-code-plugin/2860","timja","2026-07"
"jenkinsci/pipeline-graph-view-plugin/1366","felipecrs","2026-07"
"jenkinsci/pipeline-graph-view-plugin/1366","das7pad","2026-07"
"jenkinsci/pipeline-graph-view-plugin/1366","timja","2026-07"
"jenkinsci/explain-error-plugin/209","shenxianpeng","2026-07"
"jenkinsci/pipeline-graph-view-plugin/1365","akca","2026-07"
"jenkinsci/pipeline-graph-view-plugin/1365","das7pad","2026-07"
"jenkinsci/pipeline-graph-view-plugin/1365","akca","2026-07"
"jenkinsci/pipeline-graph-view-plugin/1364","timja","2026-07"
"jenkinsci/pipeline-graph-view-plugin/1364","timja","2026-07"
"jenkinsci/pipeline-graph-view-plugin/1364","das7pad","2026-07"
"jenkinsci/pipeline-graph-view-plugin/1364","timja","2026-07"
"jenkinsci/jenkins/27031","MarkEWaite","2026-07"
"jenkinsci/jenkins/27031","Sonaliparte","2026-07"
"jenkinsci/jenkins/27031","MarkEWaite","2026-07"
"jenkinsci/jenkins/27031","MarkEWaite","2026-07"
"jenkinsci/jenkins/27031","MarkEWaite","2026-07"
"jenkinsci/jenkins/27031","MarkEWaite","2026-07"
"jenkinsci/jenkins/27031","MarkEWaite","2026-07"
"jenkinsci/jenkins/27031","MarkEWaite","2026-07"
"jenkinsci/jenkins/27031","MarkEWaite","2026-07"
"jenkinsci/bitbucket-branch-source-plugin/1222","apuig","2026-07"
"jenkinsci/bitbucket-branch-source-plugin/1222","nfalco79","2026-07"
"jenkinsci/bitbucket-branch-source-plugin/1222","jglick","2026-07"
"jenkinsci/bitbucket-branch-source-plugin/1222","nfalco79","2026-07"
"jenkinsci/bitbucket-branch-source-plugin/1222","jglick","2026-07"
"jenkinsci/bitbucket-branch-source-plugin/1222","jglick","2026-07"
"jenkinsci/bitbucket-branch-source-plugin/1222","jglick","2026-07"
"jenkinsci/customizable-header-plugin/349","timja","2026-07"
"jenkinsci/jenkins/27029","geerligs","2026-07"
"jenkinsci/jenkins/27029","MarkEWaite","2026-07"
"jenkinsci/jenkins/27029","MarkEWaite","2026-07"
"jenkinsci/jenkins/27029","KetanHegde","2026-07"
"jenkinsci/jenkins/27029","geerligs","2026-08"
"jenkinsci/jenkins/27029","MarkEWaite","2026-08"
"jenkinsci/jenkins/27029","geerligs","2026-08"
"jenkinsci/jenkins/27029","MarkEWaite","2026-08"
"jenkinsci/email-ext-plugin/1594","akash-manna-sky","2026-07"
"jenkinsci/azure-keyvault-plugin/374","ysmaoui","2026-07"
"jenkinsci/azure-keyvault-plugin/374","timja","2026-07"
"jenkinsci/azure-keyvault-plugin/374","timja","2026-07"
"jenkinsci/azure-keyvault-plugin/374","timja","2026-07"
"jenkinsci/azure-keyvault-plugin/374","timja","2026-07"
"jenkinsci/azure-keyvault-plugin/374","timja","2026-07"
"jenkinsci/azure-keyvault-plugin/374","ysmaoui","2026-07"
"jenkinsci/azure-keyvault-plugin/374","ysmaoui","2026-07"
"jenkinsci/azure-keyvault-plugin/374","timja","2026-07"
"jenkinsci/publish-over-cifs-plugin/171","dshvedchenko","2026-07"
"jenkinsci/publish-over-cifs-plugin/171","dshvedchenko-enova","2026-07"
"jenkinsci/publish-over-cifs-plugin/171","dshvedchenko","2026-07"
"jenkinsci/publish-over-cifs-plugin/171","dshvedchenko-enova","2026-08"
"jenkinsci/publish-over-cifs-plugin/171","dshvedchenko","2026-08"
"jenkinsci/publish-over-cifs-plugin/171","dshvedchenko","2026-08"
"jenkinsci/publish-over-cifs-plugin/171","dshvedchenko","2026-08"
"jenkinsci/publish-over-cifs-plugin/171","gmcdonald","2026-08"
"jenkinsci/publish-over-cifs-plugin/171","gmcdonald","2026-08"
"jenkinsci/publish-over-cifs-plugin/171","gmcdonald","2026-08"
"jenkinsci/publish-over-cifs-plugin/171","gmcdonald","2026-08"
"jenkinsci/publish-over-cifs-plugin/171","dshvedchenko","2026-08"
"jenkinsci/publish-over-cifs-plugin/171","dshvedchenko","2026-08"
"jenkinsci/publish-over-cifs-plugin/171","dshvedchenko","2026-08"
"jenkinsci/publish-over-cifs-plugin/171","dshvedchenko","2026-08"
"jenkinsci/hpe-application-automation-tools-plugin/1586","AppVeyorBot","2026-07"
"jenkinsci/hpe-application-automation-tools-plugin/1586","AppVeyorBot","2026-07"
"jenkinsci/hpe-application-automation-tools-plugin/1586","AppVeyorBot","2026-07"
"jenkinsci/hpe-application-automation-tools-plugin/1586","AppVeyorBot","2026-07"
"jenkinsci/hpe-application-automation-tools-plugin/1586","AppVeyorBot","2026-07"
"jenkinsci/hpe-application-automation-tools-plugin/1586","AppVeyorBot","2026-07"
"jenkinsci/hpe-application-automation-tools-plugin/1586","AppVeyorBot","2026-07"
"jenkinsci/hpe-application-automation-tools-plugin/1586","AppVeyorBot","2026-07"
"jenkinsci/hpe-application-automation-tools-plugin/1586","AppVeyorBot","2026-07"
"jenkinsci/hpe-application-automation-tools-plugin/1586","AppVeyorBot","2026-07"
"jenkinsci/hetzner-cloud-plugin/117","rkosegi","2026-07"
"jenkinsci/declarative-pipeline-migration-assistant-plugin/358","gbhat618","2026-07"
"jenkinsci/declarative-pipeline-migration-assistant-plugin/358","gbhat618","2026-07"
"jenkinsci/declarative-pipeline-migration-assistant-plugin/358","jglick","2026-07"
"jenkinsci/declarative-pipeline-migration-assistant-plugin/358","gbhat618","2026-07"
"jenkinsci/declarative-pipeline-migration-assistant-plugin/358","gbhat618","2026-07"
"jenkinsci/declarative-pipeline-migration-assistant-plugin/358","jglick","2026-07"
"jenkinsci/declarative-pipeline-migration-assistant-plugin/358","gbhat618","2026-07"
"jenkinsci/declarative-pipeline-migration-assistant-plugin/358","olamy","2026-07"
"jenkinsci/declarative-pipeline-migration-assistant-plugin/358","jglick","2026-07"
"jenkinsci/declarative-pipeline-migration-assistant-plugin/358","jglick","2026-07"
"jenkinsci/jenkins/27028","janfaracik","2026-07"
"jenkinsci/jenkins/27028","MarkEWaite","2026-07"
"jenkinsci/proxmox-cloud-plugin/26","aidanc","2026-07"
"jenkinsci/anka-build-plugin/77","NorseGaud","2026-07"
"jenkinsci/workflow-cps-plugin/1802","jtnord","2026-07"
"jenkinsci/workflow-cps-plugin/1802","timja","2026-07"
"jenkinsci/workflow-cps-plugin/1802","NickTheDevOpsGuy","2026-07"
"jenkinsci/workflow-cps-plugin/1802","NickTheDevOpsGuy","2026-07"
"jenkinsci/workflow-cps-plugin/1802","jtnord","2026-07"
"jenkinsci/bom/7036","MarkEWaite","2026-07"
"jenkinsci/acceptance-test-harness/2784","MarkEWaite","2026-07"
"jenkinsci/jenkins/27026","MarkEWaite","2026-07"
"jenkinsci/scriptler-plugin/193","somiljain2006","2026-07"
"jenkinsci/scriptler-plugin/193","somiljain2006","2026-07"
"jenkinsci/scriptler-plugin/193","mtughan","2026-07"
"jenkinsci/scriptler-plugin/193","mtughan","2026-07"
"jenkinsci/scriptler-plugin/193","mtughan","2026-07"
"jenkinsci/scriptler-plugin/193","mtughan","2026-07"
"jenkinsci/bom/7033","lemeurherve","2026-07"
"jenkinsci/bom/7033","lemeurherve","2026-07"
"jenkinsci/bom/7033","lemeurherve","2026-07"
"jenkinsci/resources-ai-chatbot-plugin/412","arjun-713","2026-07"
"jenkinsci/resources-ai-chatbot-plugin/412","berviantoleo","2026-07"
"jenkinsci/resources-ai-chatbot-plugin/412","berviantoleo","2026-07"
"jenkinsci/resources-ai-chatbot-plugin/412","berviantoleo","2026-07"
"jenkinsci/resources-ai-chatbot-plugin/412","giovanni-vaccarino","2026-07"
"jenkinsci/resources-ai-chatbot-plugin/412","giovanni-vaccarino","2026-07"
"jenkinsci/resources-ai-chatbot-plugin/412","giovanni-vaccarino","2026-07"
"jenkinsci/resources-ai-chatbot-plugin/412","giovanni-vaccarino","2026-07"
"jenkinsci/resources-ai-chatbot-plugin/412","arjun-713","2026-07"
"jenkinsci/resources-ai-chatbot-plugin/412","arjun-713","2026-07"
"jenkinsci/resources-ai-chatbot-plugin/412","berviantoleo","2026-07"
"jenkinsci/resources-ai-chatbot-plugin/412","arjun-713","2026-07"
"jenkinsci/bitbucket-branch-source-plugin/1221","nfalco79","2026-08"
"jenkinsci/signpath-plugin/56","Taha-cmd","2026-07"
"jenkinsci/signpath-plugin/56","Taha-cmd","2026-07"
"jenkinsci/signpath-plugin/56","Taha-cmd","2026-07"
"jenkinsci/signpath-plugin/56","Taha-cmd","2026-07"
"jenkinsci/signpath-plugin/56","Taha-cmd","2026-07"
"jenkinsci/signpath-plugin/56","Taha-cmd","2026-07"
"jenkinsci/signpath-plugin/56","Taha-cmd","2026-07"
"jenkinsci/resources-ai-chatbot-plugin/411","codeWithkrish123","2026-07"
"jenkinsci/resources-ai-chatbot-plugin/411","krisstern","2026-07"
"jenkinsci/resources-ai-chatbot-plugin/411","krisstern","2026-07"
"jenkinsci/resources-ai-chatbot-plugin/411","codeWithkrish123","2026-07"
"jenkinsci/resources-ai-chatbot-plugin/411","codeWithkrish123","2026-07"
"jenkinsci/resources-ai-chatbot-plugin/411","krisstern","2026-07"
"jenkinsci/resources-ai-chatbot-plugin/411","codeWithkrish123","2026-07"
"jenkinsci/resources-ai-chatbot-plugin/411","krisstern","2026-07"
"jenkinsci/docker/2390","nohwnd","2026-07"
"jenkinsci/docker/2390","lemeurherve","2026-07"
"jenkinsci/docker/2390","lemeurherve","2026-07"
"jenkinsci/docker/2390","lemeurherve","2026-07"
"jenkinsci/docker/2390","lemeurherve","2026-07"
"jenkinsci/wiz-scanner-plugin/21","Richard-Barrett","2026-07"
"jenkinsci/wiz-scanner-plugin/21","Richard-Barrett","2026-07"
"jenkinsci/wiz-scanner-plugin/21","shubhamamd","2026-07"
"jenkinsci/wiz-scanner-plugin/21","stevenhernandez23","2026-07"
"jenkinsci/hashicorp-vault-plugin/375","jetersen","2026-07"
"jenkinsci/hashicorp-vault-plugin/375","marcogomiero","2026-07"
"jenkinsci/jenkins/27022","dduportal","2026-07"
"jenkinsci/analysis-model/1549","uhafner","2026-08"
"jenkinsci/bitbucket-push-and-pull-request-plugin/390","cdelmonte-zg","2026-07"
"jenkinsci/hashicorp-vault-plugin/374","jetersen","2026-07"
"jenkinsci/hashicorp-vault-plugin/374","marcogomiero","2026-07"
"jenkinsci/p4-plugin/273","skumar7322","2026-07"
"jenkinsci/secret-guard-plugin/32","donhui","2026-07"
"jenkinsci/acceptance-test-harness/2781","MarkEWaite","2026-07"
"jenkinsci/jenkins/27016","MarkEWaite","2026-07"
"jenkins-infra/stories/441","krisstern","2026-08"
"jenkins-infra/jenkins.io/9311","MarkEWaite","2026-08"
"jenkins-infra/jenkins.io/9311","MarkEWaite","2026-07"
"jenkins-infra/azure/1515","dduportal","2026-07"
"jenkins-infra/jenkins-infra/4994","dduportal","2026-07"
"jenkins-infra/packer-images/2944","dduportal","2026-07"
"jenkins-infra/repository-permissions-updater/5184","mawinter69","2026-07"
"jenkins-infra/packer-images/2942","dduportal","2026-07"
"jenkins-infra/update-center2/924","daniel-beck","2026-07"
"jenkins-infra/update-center2/924","Taha-cmd","2026-07"
"jenkins-infra/update-center2/924","MarkEWaite","2026-07"
"jenkins-infra/update-center2/924","paulsavoie","2026-08"
"jenkins-infra/update-center2/924","MarkEWaite","2026-08"
"jenkins-infra/update-center2/924","zbynek","2026-08"
"jenkins-infra/plugin-modernizer-stats/77","PratikMane0112","2026-07"
"jenkins-infra/plugin-modernizer-stats/77","sridamul","2026-07"
"jenkins-infra/plugin-modernizer-stats/77","krisstern","2026-07"
"jenkins-infra/plugin-modernizer-stats/77","krisstern","2026-07"
"jenkins-infra/plugin-modernizer-stats/77","PratikMane0112","2026-07"
"jenkins-infra/plugin-modernizer-stats/77","krisstern","2026-07"
"jenkins-infra/plugin-modernizer-stats/77","jonesbusy","2026-07"
"jenkins-infra/jenkins.io/9308","MarkEWaite","2026-07"
"jenkins-infra/jenkins-infra/4985","dduportal","2026-07"
"jenkins-infra/jenkins-infra/4985","dduportal","2026-07"
"jenkins-infra/jenkins-infra/4985","daniel-beck","2026-07"
"jenkins-infra/jenkins-infra/4985","dduportal","2026-07"
"jenkins-infra/docker-keycloak-theme/17","jayfranco999","2026-07"
"jenkins-infra/docker-matomo/24","jayfranco999","2026-07"
"jenkins-infra/docker-infratools/1","dduportal","2026-07"
"jenkins-infra/azure-net/554","jayfranco999","2026-07"
"jenkins-infra/.github/54","dduportal","2026-07"
"jenkins-infra/.github/54","MarkEWaite","2026-07"
"jenkins-infra/azure/1512","dduportal","2026-07"
"jenkins-infra/azure-net/552","dduportal","2026-07"
"jenkins-infra/azure-net/552","dduportal","2026-07"
"jenkins-infra/azure-net/552","dduportal","2026-07"
"jenkins-infra/jenkins.io/9306","vihaan-vijay","2026-07"
"jenkins-infra/jenkins.io/9306","krisstern","2026-07"
"jenkins-infra/jenkins.io/9306","krisstern","2026-07"
"jenkins-infra/jenkins.io/9306","krisstern","2026-07"
"jenkins-infra/jenkins.io/9306","krisstern","2026-07"
"jenkins-infra/jenkins.io/9306","krisstern","2026-07"
"jenkins-infra/jenkins.io/9306","krisstern","2026-07"
"jenkins-infra/jenkins.io/9306","krisstern","2026-07"
"jenkins-infra/jenkins.io/9306","krisstern","2026-07"
"jenkins-infra/jenkins.io/9306","krisstern","2026-07"
"jenkins-infra/jenkins.io/9306","krisstern","2026-07"
"jenkins-infra/jenkins.io/9306","krisstern","2026-07"
"jenkins-infra/jenkins.io/9306","krisstern","2026-07"
"jenkins-infra/jenkins.io/9306","krisstern","2026-07"
"jenkins-infra/jenkins.io/9306","krisstern","2026-07"
"jenkins-infra/jenkins.io/9306","krisstern","2026-07"
"jenkins-infra/jenkins.io/9306","krisstern","2026-07"
"jenkins-infra/jenkins.io/9306","krisstern","2026-07"
"jenkins-infra/jenkins.io/9306","krisstern","2026-07"
"jenkins-infra/jenkins.io/9306","krisstern","2026-07"
"jenkins-infra/jenkins.io/9305","krisstern","2026-07"
"jenkins-infra/jenkins.io/9305","krisstern","2026-07"
"jenkins-infra/plugin-modernizer-stats/74","PratikMane0112","2026-07"
"jenkins-infra/plugin-modernizer-stats/74","PratikMane0112","2026-07"
"jenkins-infra/plugin-modernizer-stats/74","krisstern","2026-07"
"jenkins-infra/plugin-modernizer-stats/74","krisstern","2026-07"
"jenkins-infra/plugin-modernizer-stats/74","krisstern","2026-07"
"jenkins-infra/plugin-modernizer-stats/74","krisstern","2026-07"
"jenkins-infra/jenkins-io-components/231","dduportal","2026-07"
"jenkins-infra/terraform-aws-sponsorship/574","jayfranco999","2026-07"
"jenkins-infra/release/938","MarkEWaite","2026-07"
"jenkins-infra/plugin-site/2579","zbynek","2026-07"
"jenkins-infra/plugin-site/2579","anupamme","2026-07"
"jenkins-infra/plugin-site/2579","zbynek","2026-07"
"jenkins-infra/plugin-site/2579","anupamme","2026-07"
"jenkins-infra/plugin-modernizer-stats/68","PratikMane0112","2026-07"
"jenkins-infra/plugin-modernizer-stats/68","PratikMane0112","2026-07"
"jenkins-infra/jenkins.io/9299","Aarav-Singh2007","2026-07"
"jenkins-infra/jenkins.io/9299","Aarav-Singh2007","2026-07"
"jenkins-infra/jenkins.io/9299","daniel-beck","2026-07"
"jenkins-infra/jenkins.io/9299","Aarav-Singh2007","2026-07"
"jenkins-infra/jenkins.io/9299","daniel-beck","2026-07"
"jenkins-infra/jenkins.io/9299","Aarav-Singh2007","2026-08"
"jenkins-infra/jenkins.io/9299","lemeurherve","2026-08"
"jenkins-infra/jenkins.io/9299","Aarav-Singh2007","2026-08"
"jenkins-infra/jenkins.io/9299","daniel-beck","2026-08"
"jenkins-infra/jenkins.io/9299","Aarav-Singh2007","2026-08"
"jenkins-infra/jenkins.io/9299","daniel-beck","2026-08"
"jenkins-infra/jenkins.io/9299","Aarav-Singh2007","2026-08"
"jenkins-infra/jenkins.io/9299","strangelookingnerd","2026-07"
"jenkins-infra/jenkins.io/9299","MarkEWaite","2026-07"
"jenkins-infra/jenkins.io/9299","MarkEWaite","2026-07"
"jenkins-infra/jenkins.io/9299","MarkEWaite","2026-07"
"jenkins-infra/jenkins.io/9299","MarkEWaite","2026-07"
"jenkins-infra/jenkins.io/9299","MarkEWaite","2026-07"
"jenkins-infra/jenkins.io/9299","MarkEWaite","2026-07"
"jenkins-infra/jenkins.io/9299","MarkEWaite","2026-07"
"jenkins-infra/packer-images/2922","dduportal","2026-07"
"jenkins-infra/repository-permissions-updater/5167","mawinter69","2026-07"
"jenkins-infra/repository-permissions-updater/5167","jglick","2026-07"
"jenkins-infra/jenkins-io-components/225","krisstern","2026-07"
"jenkins-infra/jenkins-io-components/224","krisstern","2026-07"
"jenkins-infra/jenkins-io-components/224","krisstern","2026-07"
"jenkins-infra/jenkins-io-components/224","krisstern","2026-07"
"jenkins-infra/jenkins-io-components/224","krisstern","2026-07"
"jenkins-infra/jenkins-io-components/224","krisstern","2026-07"
"jenkins-infra/stories/437","krisstern","2026-07"
"jenkins-infra/stories/437","iamrajiv","2026-07"
"jenkins-infra/update-center2/921","daniel-beck","2026-07"
"jenkins-infra/update-center2/921","dharminsolanki","2026-07"
"jenkins-infra/update-center2/921","daniel-beck","2026-07"
"jenkins-infra/jenkins.io/9296","MarkEWaite","2026-07"
"jenkins-infra/stories/436","iamrajiv","2026-07"
"jenkins-infra/stories/436","iamrajiv","2026-07"
"jenkins-infra/jenkins.io/9295","krisstern","2026-07"
"jenkins-infra/jenkins.io/9295","krisstern","2026-07"
"jenkins-infra/jenkins.io/9295","krisstern","2026-07"
"jenkins-infra/jenkins.io/9295","Aarav-Singh2007","2026-07"
"jenkins-infra/stories/435","Vatsal-Verma","2026-07"
"jenkins-infra/stories/435","iamrajiv","2026-07"
"jenkins-infra/stories/435","iamrajiv","2026-07"
"jenkins-infra/stories/434","iamrajiv","2026-07"
"jenkins-infra/stories/434","iamrajiv","2026-07"
"jenkins-infra/plugin-modernizer-stats/62","PratikMane0112","2026-07"
"jenkins-infra/plugin-modernizer-stats/62","jonesbusy","2026-07"
"jenkins-infra/jenkins.io/9291","krisstern","2026-07"
"jenkins-infra/jenkins.io/9291","daniel-beck","2026-07"
"jenkins-infra/jenkins.io/9291","daniel-beck","2026-07"
"jenkins-infra/jenkins.io/9291","daniel-beck","2026-07"
"jenkins-infra/jenkins.io/9291","daniel-beck","2026-07"
"jenkins-infra/jenkins.io/9291","StefanSpieker","2026-07"
"jenkins-infra/jenkins.io/9291","Kevin-CB","2026-07"
"jenkins-infra/azure-net/550","dduportal","2026-07"
"jenkins-infra/stories/433","dduportal","2026-07"
"jenkins-infra/contributor-spotlight/637","dduportal","2026-07"
"jenkins-infra/jenkins.io/9288","timja","2026-07"
"jenkins-infra/jenkins.io/9288","StefanSpieker","2026-07"
"jenkins-infra/jenkins.io/9287","krisstern","2026-07"
"jenkins-infra/jenkins.io/9287","krisstern","2026-07"
"jenkins-infra/plugin-modernizer-stats/61","PratikMane0112","2026-07"
"jenkins-infra/plugin-modernizer-stats/61","PratikMane0112","2026-07"
"jenkins-infra/stories/432","Vatsal-Verma","2026-07"
"jenkins-infra/stories/432","Vatsal-Verma","2026-07"
"jenkins-infra/repository-permissions-updater/5159","timja","2026-07"
"jenkins-infra/repository-permissions-updater/5159","jochen-testingbot","2026-07"
"jenkins-infra/repository-permissions-updater/5157","timja","2026-07"
"jenkins-infra/kubernetes-management/7918","dduportal","2026-07"
"jenkins-infra/account-app/520","timja","2026-07"
"jenkins-infra/account-app/520","daniel-beck","2026-07"
"jenkins-infra/account-app/520","timja","2026-07"
"jenkins-infra/account-app/520","daniel-beck","2026-07"
"jenkins-infra/account-app/520","dduportal","2026-07"
"jenkins-infra/account-app/520","dduportal","2026-07"
"jenkins-infra/account-app/520","dduportal","2026-07"
"jenkins-infra/account-app/520","dduportal","2026-07"
"jenkins-infra/account-app/520","dduportal","2026-07"
"jenkins-infra/stories/430","Vatsal-Verma","2026-07"
"jenkins-infra/repository-permissions-updater/5155","zerlinpi","2026-07"
"jenkins-infra/stories/427","Vatsal-Verma","2026-07"
"jenkins-infra/stories/427","lemeurherve","2026-07"
"jenkins-infra/stories/427","lemeurherve","2026-07"
"jenkins-infra/account-app/519","lemeurherve","2026-07"
"jenkins-infra/account-app/519","daniel-beck","2026-07"
"jenkins-infra/account-app/519","timja","2026-07"
"jenkins-infra/repository-permissions-updater/5151","jglick","2026-07"
"jenkins-infra/repository-permissions-updater/5149","zerlinpi","2026-07"
"jenkins-infra/plugin-modernizer-stats/55","PratikMane0112","2026-07"
"jenkins-infra/packer-images/2892","jayfranco999","2026-07"
"jenkins-infra/packer-images/2892","lemeurherve","2026-07"
"jenkins-infra/packer-images/2892","dduportal","2026-07"
"jenkins-infra/packer-images/2892","lemeurherve","2026-07"
"jenkins-infra/packer-images/2892","lemeurherve","2026-07"
"jenkins-infra/packer-images/2892","lemeurherve","2026-07"
"jenkins-infra/account-app/517","lemeurherve","2026-07"
"jenkins-infra/account-app/516","lemeurherve","2026-07"
"jenkins-infra/jenkins.io/9280","krisstern","2026-07"
"jenkins-infra/jenkins.io/9279","krisstern","2026-07"
"jenkins-infra/jenkins.io/9279","RScrafted","2026-07"
"jenkins-infra/jenkins.io/9279","MarkEWaite","2026-07"
"jenkins-infra/jenkins.io/9279","RScrafted","2026-07"
"jenkins-infra/jenkins.io/9279","MarkEWaite","2026-07"
"jenkins-infra/jenkins.io/9279","RScrafted","2026-07"
"jenkins-infra/jenkins.io/9279","lemeurherve","2026-07"
"jenkins-infra/jenkins.io/9279","RScrafted","2026-07"
"jenkins-infra/jenkins.io/9279","dduportal","2026-07"
"jenkins-infra/jenkins.io/9279","RScrafted","2026-07"
"jenkins-infra/jenkins.io/9279","RScrafted","2026-07"
"jenkins-infra/jenkins.io/9279","dduportal","2026-07"
"jenkins-infra/jenkins.io/9279","krisstern","2026-07"
"jenkins-infra/repository-permissions-updater/5148","timja","2026-07"
"jenkins-infra/repository-permissions-updater/5148","alexsomai","2026-07"
"jenkins-infra/plugin-modernizer-stats/54","PratikMane0112","2026-07"
"jenkins-infra/jenkins.io/9268","krisstern","2026-07"
"jenkins-infra/jenkins.io/9268","cnu1812","2026-07"
"jenkins-infra/jenkins.io/9268","berviantoleo","2026-07"
"jenkins-infra/jenkins.io/9268","arjun-713","2026-07"
"jenkins-infra/release/934","dduportal","2026-07"
"jenkins-infra/release/934","lemeurherve","2026-07"
"jenkins-infra/jenkins.io/9267","krisstern","2026-07"
"jenkins-infra/jenkins.io/9267","thatsdc","2026-07"
"jenkins-infra/jenkins.io/9267","krisstern","2026-07"
"jenkins-infra/jenkins.io/9267","krisstern","2026-07"
"jenkins-infra/jenkins.io/9267","krisstern","2026-07"
"jenkins-infra/jenkins.io/9267","krisstern","2026-07"
"jenkins-infra/jenkins.io/9265","PratikMane0112","2026-07"
"jenkins-infra/jenkins.io/9265","PratikMane0112","2026-07"
"jenkins-infra/jenkins.io/9265","shivaylamba","2026-07"
"jenkins-infra/repository-permissions-updater/5146","timja","2026-07"
"jenkins-infra/repository-permissions-updater/5146","oleg-nenashev","2026-07"
"jenkins-infra/repository-permissions-updater/5146","timja","2026-07"
"jenkins-infra/stories/426","Vatsal-Verma","2026-07"
"jenkins-infra/stories/426","iamrajiv","2026-07"
"jenkins-infra/stories/426","iamrajiv","2026-07"
"jenkins-infra/stories/426","iamrajiv","2026-07"
"jenkins-infra/repository-permissions-updater/5144","ac-deepanshurawat","2026-07"
"jenkins-infra/repository-permissions-updater/5144","ac-deepanshurawat","2026-07"
"jenkins-infra/repository-permissions-updater/5144","timja","2026-07"
"jenkins-infra/repository-permissions-updater/5144","ac-deepanshurawat","2026-07"
"jenkins-infra/jenkins.io/9264","krisstern","2026-07"
"jenkins-infra/terraform-aws-sponsorship/563","dduportal","2026-07"
"jenkins-infra/jenkins.io/9262","lemeurherve","2026-07"
"jenkins-infra/jenkins.io/9262","krisstern","2026-07"
"jenkins-infra/jenkins.io/9262","krisstern","2026-07"
"jenkins-infra/jenkins.io/9260","Aarav-Singh2007","2026-07"
"jenkins-infra/jenkins.io/9260","MarkEWaite","2026-07"
"jenkins-infra/jenkins.io/9260","jglick","2026-07"
"jenkins-infra/jenkins.io/9260","Aarav-Singh2007","2026-07"
"jenkins-infra/stories/424","Vatsal-Verma","2026-07"
"jenkins-infra/stories/424","chamodshehanka","2026-07"
"jenkins-infra/stories/424","iamrajiv","2026-07"
"jenkins-infra/stories/424","iamrajiv","2026-07"
"jenkins-infra/terraform-aws-sponsorship/561","dduportal","2026-07"
"jenkins-infra/plugin-site/2563","dduportal","2026-07"
"jenkins-infra/repository-permissions-updater/5143","mawinter69","2026-07"
"jenkins-infra/repository-permissions-updater/5143","jochen-testingbot","2026-07"
"jenkins-infra/repository-permissions-updater/5143","jochen-testingbot","2026-07"
"jenkins-infra/repository-permissions-updater/5143","timja","2026-07"
"jenkins-infra/repository-permissions-updater/5143","jochen-testingbot","2026-07"
"jenkins-infra/repository-permissions-updater/5143","jochen-testingbot","2026-07"
"jenkins-infra/repository-permissions-updater/5143","timja","2026-07"
"jenkins-infra/stories/423","chamodshehanka","2026-07"
"jenkins-infra/stories/423","iamrajiv","2026-07"
"jenkins-infra/stories/423","iamrajiv","2026-07"
"jenkins-infra/plugin-modernizer-stats/47","PratikMane0112","2026-07"
"jenkins-infra/plugin-modernizer-stats/47","PratikMane0112","2026-07"
"jenkins-infra/plugin-modernizer-stats/47","PratikMane0112","2026-07"
"jenkins-infra/plugin-modernizer-stats/47","PratikMane0112","2026-07"
"jenkins-infra/plugin-modernizer-stats/47","krisstern","2026-07"
"jenkins-infra/plugin-modernizer-stats/47","PratikMane0112","2026-07"
"jenkins-infra/plugin-modernizer-stats/47","krisstern","2026-07"
"jenkins-infra/repository-permissions-updater/5140","aytuncbeken","2026-07"
"jenkins-infra/repository-permissions-updater/5140","timja","2026-07"
"jenkins-infra/repository-permissions-updater/5140","aytuncbeken","2026-07"
"jenkins-infra/repository-permissions-updater/5140","mawinter69","2026-07"
"jenkins-infra/repository-permissions-updater/5140","aytuncbeken","2026-07"
"jenkins-infra/repository-permissions-updater/5140","mawinter69","2026-07"
"jenkins-infra/repository-permissions-updater/5140","aytuncbeken","2026-07"
"jenkins-infra/repository-permissions-updater/5140","timja","2026-07"
"jenkins-infra/terraform-aws-sponsorship/560","dduportal","2026-07"
"jenkins-infra/terraform-aws-sponsorship/559","dduportal","2026-07"
"jenkins-infra/jenkins.io/9256","Aarav-Singh2007","2026-07"
"jenkins-infra/jenkins.io/9256","MarkEWaite","2026-07"
"jenkins-infra/jenkins.io/9256","MarkEWaite","2026-07"
"jenkins-infra/jenkins.io/9256","MarkEWaite","2026-07"
"jenkins-infra/jenkins.io/9256","MarkEWaite","2026-07"
"jenkins-infra/jenkins.io/9256","MarkEWaite","2026-07"
"jenkins-infra/jenkins.io/9256","MarkEWaite","2026-07"
"jenkins-infra/jenkins.io/9256","MarkEWaite","2026-07"
"jenkins-infra/stories/422","chamodshehanka","2026-07"
"jenkins-infra/stories/422","iamrajiv","2026-07"
"jenkins-infra/stories/422","iamrajiv","2026-07"
"jenkins-infra/repository-permissions-updater/5137","alecharp","2026-07"
"jenkins-infra/jenkins.io/9254","MarkEWaite","2026-07"
"jenkins-infra/jenkins.io/9254","daniel-beck","2026-07"
"jenkins-infra/jenkins.io/9254","MarkEWaite","2026-07"
"jenkins-infra/jenkins.io/9254","MarkEWaite","2026-07"
"jenkins-infra/jenkins-infra/4951","dduportal","2026-07"
"jenkins-infra/jenkins-infra/4951","lemeurherve","2026-07"
"jenkins-infra/jenkins-infra/4951","lemeurherve","2026-07"
"jenkins-infra/jenkins-infra/4951","dduportal","2026-07"
"jenkins-infra/jenkins-infra/4951","dduportal","2026-07"
"jenkins-infra/terraform-aws-sponsorship/556","dduportal","2026-07"
"jenkins-infra/terraform-aws-sponsorship/556","lemeurherve","2026-07"
"jenkins-infra/terraform-aws-sponsorship/556","dduportal","2026-07"
"jenkins-infra/terraform-aws-sponsorship/555","dduportal","2026-07"
"jenkins-infra/terraform-aws-sponsorship/555","dduportal","2026-07"
"jenkins-infra/terraform-aws-sponsorship/555","lemeurherve","2026-07"
"jenkins-infra/javadoc/82","jayfranco999","2026-07"
"jenkins-infra/javadoc/82","dduportal","2026-07"
"jenkins-infra/javadoc/82","lemeurherve","2026-07"
"jenkins-infra/javadoc/82","lemeurherve","2026-07"
"jenkins-infra/javadoc/82","dduportal","2026-07"
"jenkins-infra/javadoc/82","dduportal","2026-07"
"jenkins-infra/javadoc/82","jayfranco999","2026-07"
"jenkins-infra/plugin-modernizer-stats/43","PratikMane0112","2026-07"
"jenkins-infra/plugin-modernizer-stats/43","jonesbusy","2026-07"
"jenkins-infra/terraform-aws-sponsorship/554","dduportal","2026-07"
"jenkins-infra/terraform-aws-sponsorship/553","dduportal","2026-07"
"jenkins-infra/jenkins.io/9252","MarkEWaite","2026-07"
"jenkins-infra/stories/421","Vatsal-Verma","2026-07"
"jenkins-infra/stories/421","iamrajiv","2026-07"
"jenkins-infra/stories/421","iamrajiv","2026-07"
"jenkins-infra/jenkins.io/9251","krisstern","2026-07"
"jenkins-infra/jenkins.io/9251","donhui","2026-07"
"jenkins-infra/terraform-aws-sponsorship/552","dduportal","2026-07"
"jenkins-infra/repository-permissions-updater/5135","longhn0710","2026-07"
"jenkins-infra/repository-permissions-updater/5135","longhn0710","2026-07"
"jenkins-infra/repository-permissions-updater/5135","longhn0710","2026-07"
"jenkins-infra/repository-permissions-updater/5134","Ralnoc","2026-07"
"jenkins-infra/repository-permissions-updater/5134","MarkEWaite","2026-07"
"jenkins-infra/repository-permissions-updater/5134","Ralnoc","2026-07"
"jenkins-infra/repository-permissions-updater/5134","Ralnoc","2026-07"
"jenkins-infra/jenkins-infra/4945","dduportal","2026-07"
"jenkins-infra/terraform-aws-sponsorship/550","dduportal","2026-07"
"jenkins-infra/stories/419","Vatsal-Verma","2026-07"
"jenkins-infra/stories/419","chamodshehanka","2026-07"
"jenkins-infra/jenkins.io/9248","krisstern","2026-07"
"jenkins-infra/jenkins-infra/4944","lemeurherve","2026-07"
"jenkins-infra/repository-permissions-updater/5132","jtnord","2026-07"
"jenkins-infra/repository-permissions-updater/5132","jtnord","2026-07"
"jenkins-infra/repository-permissions-updater/5132","agentgonzo","2026-07"
"jenkins-docs/simple-java-maven-app/1355","Raviranjanpathak","2026-07"
"jenkins-docs/simple-java-maven-app/1355","Raviranjanpathak","2026-07"
"jenkins-docs/simple-java-maven-app/1353","chinnajee2","2026-07"
"jenkins-docs/simple-java-maven-app/1352","chinnajee2","2026-07"
