user,PR
"jglick",154
"timja",141
"MarkEWaite",117
"lemeurherve",85
"krisstern",74
"dduportal",70
"Vatsal-Verma",52
"mawinter69",37
"jtnord",25
"chiruu12",25
"om7057",22
"mikecirioli",22
"olamy",21
"jonesbusy",18
"berviantoleo",17
"pfeilh",14
"gbhat618",14
"dillense",14
"daniel-beck",14
"Racknaraock",14
"preetham-18-developer",13
"uhafner",12
"janfaracik",12
"Aarav-Singh2007",12
"thatsdc",11
"shivaylamba",11
"sghill",10
"aroy114",10
"StefanSpieker",10
"PratikMane0112",10
"panicking",9
"slide",8
"rantoniuk",8
"harryofficial",8
"KalleOlaviNiemitalo",8
"AppVeyorBot",8
"ogulcanaydogan",7
"nfalco79",7
"mandar1045",7
"kohtaro-satoh",7
"jimklimov",7
"jayfranco999",7
"alecharp",7
"cx-umesh-waghode",6
"arjun-713",6
"Hardik180704",6
"Anexus5919",6
"tpnd9g9rjf-glitch",5
"sunweisheng",5
"somiljain2006",5
"shenxianpeng",5
"rsandell",5
"kitos9112",5
"akash-manna-sky",5
"HannesWell",5
"rahulsom",4
"mtughan",4
"kinow",4
"drauch",4
"damianszczepanik",4
"chamodshehanka",4
"aryawadhwa",4
"Waschndolos",4
"Manideep3969",4
"Faheem12005",4
"xavier-calland",3
"tkrah",3
"pavankumar-peddamure-ptc",3
"marcoCoded",3
"joshfree",3
"gounthar",3
"beldaflexera",3
"Tampa",3
"RanjitCS",3
"LeSuisse",3
"vjuranek",2
"skrcode",2
"r4-rahul123",2
"nick4eva",2
"mPokornyETM",2
"kocoten1992",2
"ishakuta",2
"iamrajiv",2
"hashar",2
"gmcdonald",2
"fcrespel",2
"exlegalalien",2
"davidbuzinski",2
"cx-anurag-dalke",2
"bvolpato",2
"beslst",2
"bd-mtv",2
"anannya03",2
"alexsomai",2
"Rudd-O",2
"Raam751",2
"NVGreg",2
"JiayangZhou",2
"Dohbedoh",2
"zbynek",1
"xhon-pelushi",1
"vetal2409",1
"thswlsqls",1
"sue445",1
"strangelookingnerd",1
"srnagar",1
"sridamul",1
"simonelbaz",1
"senor14",1
"sboardwell",1
"samrocketman",1
"saileshKP",1
"rzanner",1
"rishiy15",1
"rgl",1
"reda-alaoui",1
"ravisalamani",1
"rajiv-maersk",1
"poweredgenl",1
"piyush2676",1
"oleg-nenashev",1
"neeldugar",1
"mriha-tricentis",1
"moshavnik",1
"meliora",1
"marianob85",1
"manoVaturi",1
"mallowlabs",1
"longhn0710",1
"loghit34",1
"krishna231122-del",1
"juliovalcarcel",1
"jspiewak",1
"jouni-holsa-pp",1
"jlanglois-jam",1
"jdekeij",1
"jc21",1
"jansohn",1
"jairov4",1
"itsvshreyas",1
"hsluoyz",1
"hpf-bplus",1
"giovanni-vaccarino",1
"ggallen",1
"gdubya",1
"flambchap",1
"eliasbalasis",1
"edif2008",1
"dwnusbaum",1
"dgaya",1
"cx-atish-jadhav",1
"cjbaco",1
"chernetskyi",1
"brunoborges",1
"bphinz",1
"bguerin",1
"beckersd",1
"atai",1
"airadier",1
"Stericson",1
"Soviann",1
"Rauneet-coder",1
"NicolaIsotta",1
"MsfPablo",1
"Kevin-CB",1
"JohnNiang",1
"JillRegan",1
"Hildebrand-Ritense",1
"GauriBerad",1
"Denis1990",1
"Crola1702",1
"BlackthornYugen",1
"Bananeweizen",1
